"";"banalfreq";"X.partido_AVANTE";"X.partido_MDB";"X.partido_NOVO";"X.partido_PCdoB";"X.partido_PDT";"X.partido_PL";"X.partido_PODE";"X.partido_PP";"X.partido_PRD";"X.partido_PSB";"X.partido_PSD";"X.partido_PSDB";"X.partido_PSOL";"X.partido_PT";"X.partido_REDE";"X.partido_REPUBLICANOS";"X.partido_SOLIDARIEDADE";"X.partido_UNIÃO"
"tratar";38;0,4756;-0,8241;-0,3448;0,5866;-0,2643;-0,3505;-0,2196;0,4635;-0,1236;-0,2672;0,4817;-0,216;-0,2066;1,158;-0,0035;-0,2982;-0,0088;-0,6285
"sobre";41;-0,1908;0,2223;0,24;1,0475;-0,3156;0,8218;0,3763;0,3995;-0,1334;0,3015;-0,9092;-0,2331;-0,2412;-0,4006;-0,0038;0,2812;-0,0095;0,2461
"outro";42;1,1349;-0,1771;0,2334;-0,4807;0,2708;-0,4509;0,3684;-0,8243;-0,1366;-0,3119;-0,2464;1,771;-0,2532;0,8685;-0,0039;-0,3296;-0,0097;-0,381
"saber";49;-0,2282;0,3683;-0,1357;-0,5611;-0,2682;1,3518;-0,2833;-0,3353;-0,1595;0,2245;-0,6092;-0,2787;0,2633;0,9089;-0,0045;0,2309;-0,0114;-0,8981
"pouco";14;-0,0651;0,2989;-0,1269;1,3034;-0,578;0,2551;-0,0808;-0,1543;-0,0455;0,3567;1,3504;-0,0795;0,2471;-1,5617;-0,0013;-0,1097;-0,0032;0,1904
"além";17;0,7789;-0,3682;-0,1541;-0,1943;-0,702;-0,4739;0,6942;-0,2124;-0,0552;0,8252;1,0235;-0,0965;0,1956;0,2528;-0,0016;-0,1332;-0,0039;-0,1833
"política";21;-0,0976;1,1008;-0,1904;-0,2401;-0,3764;1,3505;-0,1212;-0,7412;-0,0682;0,6811;-0,7966;-0,1193;-0,5442;1,0918;-0,0019;-0,1646;-0,0049;-0,6751
"político";11;-0,0511;0,3745;-0,0997;-0,1257;-0,4541;0,7947;-0,0635;-0,388;-0,0357;0,4368;-0,7672;-0,0624;0,3178;0,3283;-0,001;0,7447;-0,0025;0,2543
"área";16;-0,0744;1,3995;-0,145;-0,1829;-0,2462;-0,9608;-0,0923;-0,5646;-0,052;-0,2877;-0,2447;0,7241;-0,4145;1,8244;-0,0015;-0,1254;-0,0037;-0,1659
"passado";15;-0,0697;-0,3249;-0,1359;0,4866;0,3979;0,2259;-0,0866;-0,5292;-0,0487;0,3348;-0,4882;-0,0852;-0,3886;0,9949;-0,0014;-0,1176;-0,0035;0,537
"próprio";14;-0,0651;0,2989;-0,1269;0,5112;-0,1983;-0,3524;-0,0808;1,0453;1,0026;-0,2517;-0,1838;-0,0795;0,2471;-0,2179;-0,0013;-0,1097;-0,0032;-0,4499
"fim";11;-0,0511;0,3745;1,6858;-0,1257;0,1881;-0,6603;-0,0635;-0,388;-0,0357;1,1503;-0,7672;-0,0624;-0,2849;0,65;-0,001;-0,0862;-0,0025;0,2543
"necessário";11;-0,0511;-0,2382;-0,0997;-0,1257;0,1881;-0,2401;-0,0635;0,6785;-0,0357;0,4368;0,2999;-0,0624;0,8856;-0,2754;-0,001;-0,0862;-0,0025;-0,3534
"estadual";13;-0,0604;0,8887;-0,1178;-0,1486;-0,1755;0,638;1,9122;-0,4586;-0,0422;-0,2337;-0,9068;-0,0738;-0,3368;-0,3891;-0,0012;0,6797;-0,003;0,6271
"acontecer";31;-0,1442;1,2114;1,5943;-0,3546;-0,3394;0,2363;-0,179;0,3573;0,6838;-0,5579;-1,3572;-0,1761;0,9934;-0,5766;-0,0029;-0,2432;-0,0072;0,7539
"realizar";12;0,919;-0,2599;-0,1087;-0,1371;-0,1535;-0,7204;-0,0692;0,2057;-0,039;1,0825;-0,837;-0,0681;-0,3108;0,9482;-0,0011;-0,094;-0,0028;0,68
"deixar";17;-0,079;0,7012;-0,1541;0,4428;0,3332;-1,0209;-0,0981;0,4125;-0,0552;0,8252;-0,2775;-0,0965;-0,4405;0,777;-0,0016;-0,1332;-0,0039;-0,5464
"gerar";15;-0,0697;-0,3249;-0,1359;-0,1714;-0,2219;0,517;-0,0866;-0,5292;-0,0487;-0,2697;0,4109;-0,0852;-0,3886;0,9949;-0,0014;-0,1176;-0,0035;0,537
"honra";14;-0,0651;0,2989;-0,1269;-0,16;0,4358;1,5845;-0,0808;-0,4939;-0,0455;-0,2517;1,9649;-0,0795;-0,3627;-1,5617;-0,0013;-0,1097;-0,0032;-0,4499
"criminoso";20;-0,093;-0,4333;-0,1813;-0,2287;-0,8261;-0,2898;-0,1154;0,6963;-0,065;-0,3597;0,2314;-0,1136;0,49;0,5384;-0,0018;-0,1568;-0,0046;1,3043
"principalmente";16;-0,0744;0,2598;-0,145;-0,1829;-0,6607;-0,1815;0,7178;0,4461;-0,052;-0,2877;-0,5375;0,7241;-0,4145;0,2955;-0,0015;-0,1254;-0,0037;1,6318
"sentido";10;-0,0465;0,406;-0,0906;-0,1143;0,2122;-0,2053;-0,0577;-0,3527;-0,0325;-0,1798;0,3473;-0,0568;0,3476;0,3951;-9e-04;-0,0784;-0,0023;0,2817
"sair";14;-0,0651;-0,3032;-0,1269;-0,16;0,4358;-0,3524;0,7702;-0,1543;-0,0455;-0,2517;-0,4399;-0,0795;0,2471;0,4039;-0,0013;-0,1097;-0,0032;1,1382
"sras";12;-0,0558;0,3465;-0,1087;-0,1371;-0,4954;-0,7204;-0,0692;1,9614;-0,039;-0,2157;-0,3467;-0,0681;0,2914;0,5536;-0,0011;-0,094;-0,0028;0,2303
"termo";13;-0,0604;0,3214;0,6242;-0,1486;-0,5367;-0,3138;-0,075;1,8288;-0,0422;-0,2337;0,2254;-0,0738;-0,3368;0,4726;-0,0012;-0,1019;-0,003;-0,4177
"mínimo";10;0,9937;-0,2165;-0,0906;1,5798;-0,4128;-0,6003;-0,0577;0,2548;-0,0325;1,2259;-0,2592;-0,0568;0,9565;-0,5209;-9e-04;-0,0784;-0,0023;-0,3213
"inclusão";10;-0,0465;-0,2165;-0,0906;-0,1143;1,2605;-0,2053;-0,0577;0,2548;-0,0325;-0,1798;-0,2592;-0,0568;-0,259;0,7654;-9e-04;-0,0784;-0,0023;-0,3213
"durante";10;-0,0465;0,406;-0,0906;-0,1143;-0,4128;0,8913;-0,0577;-0,3527;-0,0325;-0,1798;-0,2592;-0,0568;0,3476;-0,5209;-9e-04;-0,0784;-0,0023;1,5283
"social";13;-0,0604;-0,2815;-0,1178;-0,1486;1,6083;-0,7805;-0,075;-0,4586;-0,0422;-0,2337;0,5208;-0,0738;-0,3368;1,2817;-0,0012;-0,1019;-0,003;-0,4177
"algum";20;-0,093;-0,4333;0,4669;-0,2287;0,2576;0,3126;0,6318;1,1856;-0,065;0,7135;0,2314;0,6381;-0,5183;-0,5163;-0,0018;-0,1568;-0,0046;-0,6429
"especialmente";11;-0,0511;1,0131;-0,0997;0,5998;0,1881;-0,6603;-0,0635;0,2286;-0,0357;-0,1978;0,2999;-0,0624;-0,2849;-1,2268;-0,001;0,7447;-0,0025;1,4131
"lutar";13;-0,0604;0,3214;-0,1178;-0,1486;-0,1755;-0,3138;-0,075;-0,4586;1,0332;0,3807;-0,9068;-0,0738;-0,3368;1,2817;-0,0012;-0,1019;-0,003;0,6271
"antes";20;-0,093;-0,4333;-0,1813;-0,2287;0,9953;-0,2898;-0,1154;0,6963;-0,065;0,2493;0,4636;0,6381;-0,5183;-0,5163;-0,0018;-0,1568;-0,0046;0,3743
"assim";20;-0,093;0,1998;-0,1813;-0,2287;0,2576;0,5973;-0,1154;0,3284;-0,065;-0,3597;-0,384;0,6381;-0,1698;0,3136;-0,0018;-0,1568;-0,0046;0,3743
"muita";30;-0,1395;0,7518;-0,2721;0,2626;0,2844;-0,35;0,4828;-0,2351;-0,0975;-0,1836;0,3326;0,4886;0,6021;-0,528;-0,0028;-0,2353;-0,0069;-0,1951
"popular";10;-0,0465;0,406;-0,0906;-0,1143;-0,4128;-0,2053;-0,0577;-0,3527;-0,0325;-0,1798;-0,2592;-0,0568;-0,259;1,922;-9e-04;-0,0784;-0,0023;0,2817
"questão";18;-0,0837;0,6634;-0,1632;-0,2058;-0,2966;-0,2334;0,6721;-0,6352;-0,0585;-0,3237;-0,3117;-0,1022;1,0845;1,0431;-0,0017;-0,1411;-0,0042;-0,5785
"gostar";18;1,8142;-0,3899;0,5042;1,107;-0,7434;0,3812;-0,1039;-0,6352;-0,0585;-0,3237;-0,3117;-0,1022;-0,4664;-0,2123;-0,0017;0,5569;-0,0042;0,8778
"cumprir";11;-0,0511;-0,2382;0,6881;-0,1257;-0,4541;1,3657;-0,0635;-0,388;1,1026;-0,1978;-0,7672;-0,0624;-0,2849;0,65;-0,001;-0,0862;-0,0025;0,2543
"tarde";14;-0,0651;0,2989;0,5963;-0,16;-0,1983;-0,8406;-0,0808;-0,1543;-0,0455;0,9658;-0,1838;0,7767;0,2471;-0,4505;-0,0013;0,6512;-0,0032;0,1904
"continuar";29;-0,1349;0,3817;-0,263;0,2724;-1,1984;-0,3237;-0,1675;0,4018;0,7097;0,9539;-0,2473;0,5007;0,6304;0,3054;-0,0027;-0,2274;-0,0067;-0,4231
"mostrar";16;-0,0744;-0,3466;-0,145;-0,1829;-0,2462;0,8484;-0,0923;-0,5646;-0,052;0,3148;0,3657;-0,0908;0,2111;0,5429;-0,0015;-0,1254;-0,0037;-0,1659
"menos";13;-0,0604;0,8887;-0,1178;0,538;0,4783;-0,7805;-0,075;-0,4586;-0,0422;0,3807;-0,9068;0,8061;0,7663;0,2278;-0,0012;-0,1019;-0,003;0,2092
"ver";42;-0,1955;0,4752;0,6681;-0,4807;-0,596;-0,7189;-0,2427;0,3803;-0,1366;0,6172;0,5558;-0,2388;0,3548;-0,2903;-0,0039;-0,3296;-0,0097;0,7526
"vez";38;-0,1768;0,2536;0,2613;-0,4349;-0,2643;0,966;1,0494;-0,7164;-0,1236;-0,6841;0,7161;-0,216;-0,2066;0,2998;-0,0035;0,3039;-0,0088;-0,6285
"preciso";18;-0,0837;-0,3899;-0,1632;0,4232;0,6581;0,3812;-0,1039;0,3819;-0,0585;0,2795;-1,2559;-0,1022;1,0845;-0,2123;-0,0017;-0,1411;-0,0042;-0,2012
"quase";10;-0,0465;-0,2165;-0,0906;-0,1143;-0,4128;-0,6003;-0,0577;-0,3527;-0,0325;1,2259;-0,6974;-0,0568;-0,259;1,922;-9e-04;-0,0784;-0,0023;0,8065
"polícia_federal";12;-0,0558;-0,2599;-0,1087;0,5674;-0,4954;-0,7204;-0,0692;-0,4233;-0,039;-0,2157;-0,3467;-0,0681;0,8227;1,4605;-0,0011;-0,094;-0,0028;0,68
"dia";48;-0,2235;-0,5017;0,1983;-0,1906;-1,2214;0,5618;0,3259;0,7749;-0,1562;-0,8646;-0,5779;0,331;0,5209;0,3961;-0,0044;0,6747;-0,0111;0,5931
"situação";15;-0,0697;0,7867;0,5706;-0,1714;0,3979;0,2259;-0,0866;0,4831;-0,0487;0,3348;-1,0464;-0,0852;0,2282;-0,5145;-0,0014;-0,1176;-0,0035;0,537
"semana";10;-0,0465;0,406;0,7252;-0,1143;0,2122;-0,6003;-0,0577;-0,3527;-0,0325;-0,1798;-0,6974;-0,0568;0,3476;0,3951;-9e-04;0,7823;-0,0023;0,8065
"ontem";14;-0,0651;0,2989;-0,1269;-0,16;-0,578;-0,8406;-0,0808;-0,1543;1,0026;1,7638;-0,9766;-0,0795;-0,3627;1,6441;-0,0013;-0,1097;-0,0032;0,1904
"tudo";21;-0,0976;-0,1379;0,4499;-0,2401;0,9341;0,5483;-0,1212;-0,7412;-0,0682;-0,3777;-0,7966;-0,1193;-0,5442;0,7487;-0,0019;0,501;-0,0049;0,3493
"audiência";17;-0,079;0,7012;-0,1541;-0,1943;-0,702;1,7975;-0,0981;0,4125;-0,0552;0,8252;-0,5878;-0,0965;-0,4405;-1,1196;-0,0016;-0,1332;-0,0039;0,9346
"construir";10;-0,0465;-0,2165;-0,0906;1,5798;-0,4128;0,424;-0,0577;-0,3527;-0,0325;-0,1798;-0,6974;-0,0568;-0,259;0,3951;-9e-04;-0,0784;-0,0023;1,5283
"perder";10;-0,0465;-0,2165;-0,0906;-0,1143;0,2122;-0,2053;-0,0577;-0,3527;-0,0325;-0,1798;-0,6974;-0,0568;0,3476;1,922;-9e-04;-0,0784;-0,0023;0,2817
"colocar";18;-0,0837;0,2273;1,2823;-0,2058;-0,7434;-1,081;-0,1039;1,9851;-0,0585;-0,3237;-1,2559;-0,1022;1,7514;0,4127;-0,0017;-0,1411;-0,0042;-0,2012
"primeiro";17;-0,079;-0,3682;0,5248;-0,1943;0,3332;-0,4739;-0,0981;0,4125;-0,0552;0,2964;-0,2775;-0,0965;0,1956;0,777;-0,0016;-0,1332;-0,0039;-0,1833
"forma";24;-0,1116;0,4857;-0,2176;-0,2744;-0,4602;-0,4144;-0,1386;0,9498;-0,078;0,2007;0,8743;-0,1363;0,3889;-0,2748;-0,0022;-0,1882;-0,0056;-0,3173
"passar";31;0,5489;0,3478;-0,2812;-0,3546;-0,6683;-0,6622;-0,179;-0,2512;-0,1008;-0,5579;1,1105;0,477;-0,8038;0,5942;-0,0029;-0,2432;-0,0072;1,181
"desde";18;-0,0837;0,2273;-0,1632;-0,2058;0,3055;-0,5161;-0,1039;-0,6352;-0,0585;-0,3237;1,4011;-0,1022;0,553;-0,2123;-0,0017;-0,1411;-0,0042;0,4308
"emprego";11;-0,0511;0,3745;-0,0997;-0,1257;-0,4541;-0,2401;-0,0635;-0,388;-0,0357;-0,1978;-0,3022;-0,0624;-0,2849;1,0961;-0,001;-0,0862;-0,0025;1,4131
"registrar";19;0,7351;0,6283;-0,1722;-0,2172;0,2804;-1,1411;-0,1097;0,3539;-0,0617;-0,3417;0,8567;-0,1079;-0,4923;-0,2493;-0,0018;0,5371;-0,0044;0,4014
"ano";51;-0,2375;1,4419;-0,1449;-0,2099;-1,3239;1,5812;0,3073;-1,803;-0,166;-0,1816;-0,9687;0,3122;0,242;-0,2956;-0,0047;-0,4005;-0,0118;1,5748
"inteiro";10;-0,0465;1,0865;0,7252;0,6358;0,6424;-0,6003;-0,0577;-0,3527;-0,0325;-0,1798;-0,6974;-0,0568;0,9565;-0,5209;-9e-04;-0,0784;-0,0023;0,2817
"contar";19;-0,0883;-0,4116;-0,1722;-0,2172;0,6114;-0,261;-0,1097;0,7428;-0,0617;0,2638;-0,3472;-0,1079;0,5203;-0,4603;-0,0018;0,5371;-0,0044;0,4014
"federal";18;-0,0837;0,2273;-0,1632;0,4232;1,7198;-0,2334;-0,1039;-0,2329;-0,0585;-0,3237;-0,3117;-0,1022;-0,4664;0,4127;-0,0017;-0,1411;-0,0042;-0,2012
"certeza";11;-0,0511;0,3745;-0,0997;0,5998;0,1881;0,7947;-0,0635;-0,388;-0,0357;-0,1978;-0,7672;0,8732;-0,2849;-0,6012;-0,001;-0,0862;-0,0025;1,4131
"estar";31;-0,1442;0,3478;0,8741;0,2533;-0,3394;0,4309;-0,179;1,0487;-0,1008;-0,5579;0,3052;-0,1761;-0,3399;-0,3694;-0,0029;-0,2432;-0,0072;-0,2089
"achar";11;-0,0511;1,0131;1,6858;-0,1257;1,1515;-0,2401;-0,0635;-0,388;-0,0357;-0,1978;-0,7672;-0,0624;-0,2849;0,3283;-0,001;-0,0862;-0,0025;-0,3534
"aqui";14;-0,0651;-0,3032;-0,1269;0,5112;-0,578;-0,8406;-0,0808;-0,1543;-0,0455;0,3567;1,9649;-0,0795;0,7154;-0,8538;-0,0013;0,6512;-0,0032;0,1904
"solicitar";11;-0,0511;-0,2382;-0,0997;0,5998;-0,4541;0,3719;-0,0635;0,2286;-0,0357;-0,1978;0,2999;-0,0624;0,3178;0,65;-0,001;-0,0862;-0,0025;-0,3534
"câmara_dos_deputados";18;-0,0837;-0,3899;-0,1632;-0,2058;-0,2966;0,7105;0,6721;0,3819;-0,0585;-0,3237;1,4011;0,6784;-0,1426;-1,2105;-0,0017;-0,1411;-0,0042;-0,2012
"acabar";13;-0,0604;-0,2815;-0,1178;-0,1486;-0,1755;0,638;0,7996;-0,4586;-0,0422;-0,2337;0,2254;-0,0738;0,268;0,4726;-0,0012;-0,1019;-0,003;0,2092
"hediondo";12;-0,0558;-0,2599;-0,1087;1,4282;-0,4954;-0,2763;-0,0692;1,214;-0,039;-0,2157;1,0507;-0,0681;-0,3108;-0,3307;-0,0011;-0,094;-0,0028;-0,3856
"oportunidade";15;-0,0697;0,2784;-0,1359;-0,1714;-0,2219;1,4559;-0,0866;-0,1731;-0,0487;-0,2697;0,4109;0,7494;-0,3886;-0,9412;-0,0014;-0,1176;-0,0035;0,537
"então";50;-0,2328;-0,2528;0,559;0,4271;0,7874;0,3271;-0,2891;-0,6184;0,5052;-0,9008;0,7027;-0,2844;-0,6863;0,6465;-0,0046;-0,3926;-0,0116;-0,5256
"polícia";17;-0,079;0,7012;-0,1541;-0,1943;-0,2711;0,4215;-0,0981;0,4125;-0,0552;-0,3057;-0,2775;-0,0965;1,8407;-0,3553;-0,0016;-0,1332;-0,0039;-0,5464
"viver";17;-0,079;0,2428;-0,1541;-0,1943;1,2114;-0,2068;-0,0981;0,4125;-0,0552;-0,3057;-1,1861;-0,0965;0,5885;-0,3553;-0,0016;-0,1332;-0,0039;0,9346
"srs";22;0,6781;1,0524;-0,1995;-0,2515;-0,9088;-0,6913;0,5959;1,0595;-0,0715;-0,3957;0,66;-0,1249;-0,1983;0,2376;-0,002;-0,1725;-0,0051;-0,2771
"aí";11;-0,0511;-0,2382;-0,0997;-0,1257;0,1881;0,3719;-0,0635;0,2286;-0,0357;1,1503;-0,3022;-0,0624;0,3178;0,3283;-0,001;-0,0862;-0,0025;-0,3534
"discutir";10;-0,0465;-0,2165;-0,0906;-0,1143;-0,4128;-0,6003;-0,0577;0,7439;-0,0325;0,4699;-0,6974;-0,0568;0,3476;1,922;-9e-04;-0,0784;-0,0023;-0,3213
"último";12;-0,0558;0,9476;-0,1087;-0,1371;-0,1535;-0,2763;-0,0692;0,621;-0,039;0,4073;-0,3467;-0,0681;-0,3108;0,5536;-0,0011;-0,094;-0,0028;-0,3856
"existir";14;-0,0651;0,2989;-0,1269;0,5112;-0,578;1,0192;-0,0808;-0,1543;-0,0455;0,3567;-0,9766;-0,0795;-0,3627;0,7154;-0,0013;-0,1097;-0,0032;0,1904
"reconhecer";10;-0,0465;1,0865;-0,0906;-0,1143;1,2605;0,424;-0,0577;-0,3527;-0,0325;-0,1798;-0,2592;-0,0568;-0,259;-0,2237;-9e-04;-0,0784;-0,0023;-0,3213
"decisão";39;-0,1815;0,2426;-0,3539;1,0984;-1,6125;0,635;-0,2254;1,1004;-0,1268;-0,7022;-0,3275;-0,2217;0,4039;0,2708;-0,0036;-0,306;-0,009;0,5208
"morte";12;-0,0558;-0,2599;-0,1087;-0,1371;-0,4954;0,711;-0,0692;0,2057;-0,039;0,4073;-0,3467;-0,0681;0,2914;0,5536;-0,0011;-0,094;-0,0028;0,2303
"voltar";12;-0,0558;0,3465;-0,1087;-0,1371;-0,1535;0,711;-0,0692;0,2057;1,0664;-0,2157;-0,3467;-0,0681;0,2914;0,2733;-0,0011;-0,094;-0,0028;-0,3856
"a";13;-0,0604;-0,2815;-0,1178;0,538;0,4783;-0,3138;-0,075;-0,4586;-0,0422;-0,2337;0,5208;-0,0738;-0,3368;0,8227;-0,0012;-0,1019;-0,003;0,2092
"dentro";12;-0,0558;-0,2599;-0,1087;-0,1371;-0,1535;0,711;-0,0692;0,2057;-0,039;-0,2157;-0,837;-0,0681;0,8227;0,9482;-0,0011;-0,094;-0,0028;-0,3856
"grande";56;0,3453;-0,6269;-0,5086;-0,2433;1,5632;-0,2495;0,7736;-0,7524;1,1866;-1,0092;0,5036;-0,3186;-1,4541;0,7416;-0,0052;-0,1334;-0,013;-0,3691
"fundamental";10;-0,0465;-0,2165;-0,0906;-0,1143;0,6424;-0,6003;-0,0577;0,2548;-0,0325;-0,1798;0,3473;-0,0568;0,3476;0,3951;-9e-04;-0,0784;-0,0023;0,2817
"papel";11;-0,0511;-0,2382;1,6858;-0,1257;-0,4541;0,3719;-0,0635;0,2286;1,1026;-0,1978;-0,7672;-0,0624;0,3178;-0,6012;-0,001;-0,0862;-0,0025;1,4131
"supremo_tribunal_federal";19;-0,0883;-0,4116;1,2398;1,0659;-0,7847;-0,5589;-0,1097;1,8807;-0,0617;-0,3417;-0,3472;-0,1079;0,5203;-1,3023;-0,0018;-0,1489;-0,0044;1,3769
"ficar";33;-0,1535;0,3173;0,8302;-0,3775;1,5866;1,2652;-0,1906;-0,5856;-0,1073;-0,594;-0,5889;-0,1875;-0,8558;0,4909;-0,0031;-0,2589;-0,0076;-0,5123
"todo";180;0,5231;-0,4603;0,5025;0,4877;-1,5253;-0,3509;0,3715;-0,612;0,4101;0,3503;-0,388;0,6867;-1,3316;0,9452;-0,0168;1,8136;-0,042;0,3903
"nome";15;-0,0697;0,2784;0,5706;-0,1714;-0,6194;0,2259;-0,0866;-0,5292;-0,0487;0,3348;-0,2134;-0,0852;0,6692;0,9949;-0,0014;-0,1176;-0,0035;-0,482
"contra";26;-0,1209;-0,5635;-0,2358;0,8374;-0,5181;0,9625;-0,1501;-0,9179;0,7525;-0,1453;-1,0714;-0,1477;1,8175;-0,574;-0,0024;0,4264;-0,006;0,9592
"importância";11;-0,0511;0,3745;-0,0997;-0,1257;1,8807;-0,6603;-0,0635;-0,388;-0,0357;-0,1978;0,6657;-0,0624;-0,2849;-0,2754;-0,001;-0,0862;-0,0025;0,2543
"voz_do_brasil";23;0,661;0,5106;-0,2085;0,3427;0,8248;0,2329;-0,1328;-0,8119;-0,0747;-0,4137;-1,6052;0,5854;-0,213;0,8928;-0,0021;0,4688;-0,0053;-0,297
"representante";12;-0,0558;0,9476;-0,1087;-0,1371;-0,1535;-0,7204;-0,0692;0,621;-0,039;-0,2157;0,2597;-0,0681;-0,3108;0,9482;-0,0011;-0,094;-0,0028;-0,3856
"assumir";10;-0,0465;-0,2165;-0,0906;-0,1143;0,2122;0,424;-0,0577;0,7439;-0,0325;1,2259;-0,6974;-0,0568;-0,259;-0,2237;-9e-04;-0,0784;-0,0023;0,2817
"criar";13;-0,0604;-0,2815;-0,1178;-0,1486;-0,1755;-0,3138;0,7996;-0,1362;-0,0422;-0,2337;-0,3927;-0,0738;-0,3368;1,8523;-0,0012;0,6797;-0,003;-0,4177
"chegar";20;-0,093;-0,4333;-0,1813;-0,2287;-0,8261;0,9772;-0,1154;-0,7058;-0,065;-0,3597;0,7849;-0,1136;0,49;0,5384;-0,0018;0,5185;-0,0046;-0,2384
"direito";27;-0,1256;-0,5852;0,3656;-0,3088;-0,5475;1,2954;-0,1559;-0,189;-0,0878;-0,4858;-0,6696;-0,1534;0,3292;1,5717;-0,0025;-0,2117;-0,0062;-0,3799
"apenas";13;-0,0604;0,8887;-0,1178;0,538;-0,5367;-0,3138;-0,075;0,5699;-0,0422;1,0214;-0,3927;-0,0738;0,268;-0,3891;-0,0012;0,6797;-0,003;-0,4177
"tanto";13;-0,0604;-0,2815;-0,1178;-0,1486;-0,5367;-0,7805;-0,075;-0,1362;-0,0422;1,0214;-0,3927;0,8061;0,268;0,8227;-0,0012;-0,1019;-0,003;0,6271
"ocorrer";15;-0,0697;0,2784;-0,1359;-0,1714;-0,6194;0,2259;-0,0866;-0,1731;-0,0487;-0,2697;-0,4882;-0,0852;0,2282;0,9949;-0,0014;-0,1176;-0,0035;1,064
"tomar";11;-0,0511;-0,2382;-0,0997;0,5998;0,1881;-0,6603;-0,0635;0,6785;-0,0357;-0,1978;-0,3022;-0,0624;0,3178;0,65;-0,001;-0,0862;-0,0025;0,2543
"economia";10;-0,0465;1,0865;-0,0906;-0,1143;-0,4128;0,8913;-0,0577;-0,3527;-0,0325;-0,1798;0,3473;-0,0568;-0,259;-0,5209;-9e-04;-0,0784;-0,0023;0,8065
"aquela";11;-0,0511;-0,2382;-0,0997;-0,1257;0,1881;0,3719;0,8666;-0,388;-0,0357;-0,1978;0,2999;0,8732;-0,2849;0,3283;-0,001;-0,0862;-0,0025;0,2543
"exemplo";14;-0,0651;-0,3032;-0,1269;-0,16;-0,1983;1,0192;-0,0808;-0,4939;-0,0455;-0,2517;-0,1838;0,7767;-0,3627;1,128;-0,0013;-0,1097;-0,0032;-0,4499
"agradecer";12;-0,0558;-0,2599;-0,1087;-0,1371;0,5262;-0,2763;-0,0692;0,2057;1,0664;-0,2157;-0,837;0,8382;-0,3108;0,5536;-0,0011;0,7107;-0,0028;0,2303
"lembrar";15;-0,0697;-0,3249;-0,1359;-0,1714;0,8268;-0,392;-0,0866;-0,5292;0,9742;-0,2697;1,8002;-0,0852;-0,3886;0,3454;-0,0014;-0,1176;-0,0035;-0,482
"cadeia";10;-0,0465;0,406;-0,0906;-0,1143;-0,4128;0,424;0,9052;-0,3527;-0,0325;-0,1798;0,7563;-0,0568;-0,259;-1,1152;-9e-04;-0,0784;-0,0023;1,5283
"assassinato";12;-0,0558;-0,2599;-0,1087;-0,1371;-0,4954;0,3272;-0,0692;0,2057;-0,039;-0,2157;-0,3467;-0,0681;0,8227;1,4605;-0,0011;-0,094;-0,0028;-0,3856
"manter";16;-0,0744;-0,3466;-0,145;0,4639;-0,6607;0,4665;0,7178;-0,1925;-0,052;-0,2877;-0,5375;-0,0908;0,6271;0,5429;-0,0015;-0,1254;-0,0037;0,4983
"nenhum";18;-0,0837;0,2273;-0,1632;-0,2058;-0,7434;1,6704;-0,1039;-0,6352;-0,0585;0,2795;-0,6389;-0,1022;-0,4664;0,4127;-0,0017;-0,1411;-0,0042;1,4551
"entender";21;-0,0976;-0,455;-0,1904;-0,2401;-0,3764;1,3505;-0,1212;-0,7412;-0,0682;0,6811;1,1032;-0,1193;1,5195;-1,4885;-0,0019;-0,1646;-0,0049;-0,2576
"defender";18;0,7564;-0,3899;1,2823;-0,2058;-0,7434;0,7105;1,6382;-0,2329;0,8997;0,2795;-0,6389;-0,1022;-0,4664;-0,2123;-0,0017;-0,1411;-0,0042;-0,2012
"meio";26;-0,1209;0,4404;-0,2358;0,3047;0,3733;-0,8752;1,3406;-0,1745;-0,0845;-0,1453;-1,0714;-0,1477;-0,674;0,9481;-0,0024;-0,2039;-0,006;0,9592
"especial";14;-0,0651;0,8354;-0,1269;-0,16;1,4937;0,2551;-0,0808;-0,4939;-0,0455;-0,2517;-0,4399;1,8624;-0,3627;-0,8538;-0,0013;-0,1097;-0,0032;0,5797
"importante";71;0,273;-0,2641;-0,6454;1,4339;-0,273;-1,8666;1,1734;-1,6645;-0,2313;1,1722;-0,4218;0,2177;1,2868;0,4757;-0,0066;0,4398;-0,0165;-0,2182
"atenção";17;-0,079;1,3306;-0,1541;0,4428;-0,702;-0,2068;-0,0981;0,8479;-0,0552;-0,3057;-1,1861;-0,0965;0,5885;0,2528;-0,0016;-0,1332;-0,0039;0,463
"legislativo";13;-0,0604;0,3214;-0,1178;-0,1486;-0,1755;-0,3138;1,9122;0,5699;-0,0422;-0,2337;-0,3927;0,8061;0,7663;-1,45;-0,0012;-0,1019;-0,003;0,6271
"haver";26;-0,1209;-0,5635;-0,2358;-0,2973;-1,0742;1,8614;-0,1501;0,8536;-0,0845;-0,1453;0,4685;-0,1477;-0,674;0,2559;-0,0024;-0,2039;-0,006;0,2501
"vereador";20;-0,093;0,1998;-0,1813;0,3879;0,9953;0,9772;1,5516;-0,2753;-0,065;-0,3597;0,4636;-0,1136;-0,1698;-1,395;-0,0018;-0,1568;-0,0046;-0,6429
"milhão";11;-0,0511;0,3745;-0,0997;-0,1257;-0,4541;0,7947;-0,0635;-0,388;-0,0357;1,1503;-0,3022;-0,0624;-0,2849;-0,2754;-0,001;-0,0862;-0,0025;0,7393
"alguma";10;-0,0465;0,406;-0,0906;-0,1143;-0,4128;-0,2053;0,9052;0,2548;-0,0325;-0,1798;-0,2592;-0,0568;-0,259;1,2723;-9e-04;-0,0784;-0,0023;-0,3213
"ninguém";12;-0,0558;-0,2599;-0,1087;0,5674;0,5262;1,235;-0,0692;0,2057;1,0664;-0,2157;0,588;-0,0681;-0,3108;-1,3384;-0,0011;-0,094;-0,0028;-0,3856
"passo";11;-0,0511;-0,2382;-0,0997;0,5998;0,1881;-0,6603;-0,0635;0,6785;-0,0357;-0,1978;0,6657;0,8732;0,3178;-0,2754;-0,001;-0,0862;-0,0025;-0,3534
"frente";10;-0,0465;-0,2165;-0,0906;-0,1143;0,2122;0,8913;-0,0577;0,7439;-0,0325;-0,1798;0,3473;-0,0568;-0,259;-0,5209;-9e-04;0,7823;-0,0023;-0,3213
"conseguir";11;-0,0511;0,3745;-0,0997;-0,1257;-0,4541;0,3719;0,8666;-0,388;1,1026;-0,1978;-0,3022;-0,0624;0,3178;-0,2754;-0,001;1,8039;-0,0025;-0,3534
"amigo";12;-0,0558;-0,2599;-0,1087;-0,1371;1,0558;0,711;-0,0692;-0,4233;-0,039;-0,2157;0,588;-0,0681;0,8227;-0,6836;-0,0011;-0,094;-0,0028;-0,3856
"ministério";13;-0,0604;0,3214;-0,1178;-0,1486;0,9709;-0,3138;-0,075;-0,1362;-0,0422;-0,2337;-0,3927;-0,0738;-0,3368;0,4726;-0,0012;-0,1019;-0,003;0,6271
"mundo";18;-0,0837;0,2273;1,2823;-0,2058;0,3055;0,7105;-0,1039;-0,6352;-0,0585;-0,3237;0,2906;-0,1022;0,553;-0,4066;-0,0017;-0,1411;-0,0042;-0,2012
"chamar";20;-0,093;0,1998;-0,1813;0,3879;0,9953;-0,2898;-0,1154;-0,2753;-0,065;-0,3597;1,1936;-0,1136;0,49;-0,8661;-0,0018;-0,1568;-0,0046;-0,2384
"possível";16;-0,0744;-0,3466;-0,145;1,1979;-0,6607;-0,1815;-0,0923;-0,1925;-0,052;1,6026;0,3657;0,7241;-0,4145;0,2955;-0,0015;-0,1254;-0,0037;-0,5142
"deputado_federal";12;-0,0558;0,9476;-0,1087;-0,1371;-0,4954;1,235;-0,0692;0,2057;-0,039;-0,2157;-0,3467;-0,0681;0,8227;-1,3384;-0,0011;0,7107;-0,0028;0,2303
"maior";31;-0,1442;1,8001;-0,2812;0,2533;-0,6683;-0,3772;-0,179;-1,0947;0,6838;0,4441;1,4995;-0,1761;-0,8038;-0,2243;-0,0029;-0,2432;-0,0072;-0,2089
"momento";40;-0,1862;0,8932;-0,363;1,0725;0,304;0,5984;0,3844;-0,77;0,5869;-0,7202;0,4187;1,0235;0,3868;-0,7772;-0,0037;-0,3139;-0,0093;-0,6762
"vida";24;-0,1116;0,4857;-0,2176;0,3294;0,7758;-0,7823;-0,1386;-0,3651;-0,078;0,2007;-0,2888;-0,1363;0,3889;1,1406;-0,0022;-0,1882;-0,0056;-0,7716
"fato";13;-0,0604;0,8887;-0,1178;0,538;-0,5367;-0,3138;-0,075;-0,1362;-0,0422;-0,2337;1,4873;-0,0738;-0,3368;-0,7679;-0,0012;-0,1019;-0,003;0,6271
"usar";18;-0,0837;1,2669;-0,1632;0,4232;0,3055;0,7105;-0,1039;-0,6352;-0,0585;-0,3237;0,5648;-0,1022;-0,4664;-0,2123;-0,0017;-0,1411;-0,0042;-0,5785
"em";112;0,9331;-0,4447;-1,0204;0,4796;-0,2492;-0,2846;0,7357;-0,9162;1,2949;-0,2823;0,3018;0,75;0,6999;-1,0513;-0,0104;0,4899;-0,026;0,7605
"tema";10;-0,0465;0,406;0,7252;-0,1143;1,2605;-0,6003;-0,0577;-0,3527;-0,0325;-0,1798;-0,6974;-0,0568;0,3476;0,3951;-9e-04;-0,0784;-0,0023;0,2817
"povo";59;-0,2749;0,8017;-0,1836;-0,6759;1,0836;-0,2995;0,2642;0,5072;-0,1921;-0,2444;-1,3022;-0,3357;-0,2578;0,4542;-0,0055;0,546;-0,0137;-0,2311
"coisa";12;-0,0558;0,9476;0,6546;-0,1371;-0,4954;0,3272;-0,0692;-0,4233;-0,039;-0,2157;-0,837;-0,0681;0,2914;0,9482;-0,0011;-0,094;-0,0028;0,2303
"presença";20;-0,093;-0,4333;-0,1813;-0,2287;0,2576;0,5973;-0,1154;0,3284;-0,065;-0,3597;1,1936;-0,1136;-0,5183;0,3136;-0,0018;-0,1568;-0,0046;-0,2384
"assunto";16;-0,0744;-0,3466;-0,145;-0,1829;-0,2462;0,4665;-0,0923;1,5041;-0,052;0,8683;-0,5375;-0,0908;-0,4145;0,2955;-0,0015;-0,1254;-0,0037;-0,1659
"sempre";21;-0,0976;1,1008;-0,1904;-0,2401;0,2369;1,8802;-0,1212;-0,7412;-0,0682;-0,3777;0,4203;-0,1193;-0,5442;-0,5745;-0,0019;-0,1646;-0,0049;0,3493
