"";"X.partido_AVANTE";"X.partido_MDB";"X.partido_NOVO";"X.partido_PCdoB";"X.partido_PDT";"X.partido_PL";"X.partido_PODE";"X.partido_PP";"X.partido_PRD";"X.partido_PSB";"X.partido_PSD";"X.partido_PSDB";"X.partido_PSOL";"X.partido_PT";"X.partido_REDE";"X.partido_REPUBLICANOS";"X.partido_SOLIDARIEDADE";"X.partido_UNIÃO"
"tratar";0,4756;-0,8241;-0,3448;0,5866;-0,2643;-0,3505;-0,2196;0,4635;-0,1236;-0,2672;0,4817;-0,216;-0,2066;1,158;-0,0035;-0,2982;-0,0088;-0,6285
"presente";-0,093;-0,4333;-0,1813;-0,2287;0,2576;-0,2898;-0,1154;4,1482;-0,065;-0,3597;0,4636;-0,1136;-0,5183;-0,8661;-0,0018;-0,1568;-0,0046;0,3743
"eminente";-0,0558;-0,2599;-0,1087;-0,1371;10,4537;-0,7204;-0,0692;-0,4233;-0,039;-0,2157;-0,3467;-0,0681;-0,3108;-1,3384;-0,0011;-0,094;-0,0028;-0,3856
"segurança";-0,093;1,1524;-0,1813;-0,2287;-0,8261;2,0062;-0,1154;-0,2753;-0,065;-0,3597;-1,3956;-0,1136;-0,1698;-0,2889;-0,0018;-0,1568;-0,0046;1,3043
"hora";1,8142;-0,3899;-0,1632;-0,2058;-0,2966;-0,5161;-0,1039;0,7931;-0,0585;-0,3237;0,2906;-0,1022;2,5367;-1,2105;-0,0017;-0,1411;-0,0042;0,4308
"n";0,6447;-0,5201;-0,2176;-0,2744;-0,9915;-1,4418;1,4042;2,7409;-0,078;0,2007;0,8743;1,4171;-0,6221;-0,7603;-0,0022;0,4539;-0,0056;-0,3173
"prerrogativa";-0,0511;-0,2382;-0,0997;-0,1257;-0,4541;-0,2401;-0,0635;0,6785;-0,0357;-0,1978;2,6049;-0,0624;-0,2849;-1,2268;-0,001;-0,0862;-0,0025;0,7393
"tipo";-0,079;-0,3682;-0,1541;-0,1943;-0,702;-0,4739;-0,0981;-0,5999;-0,0552;2,3817;-1,1861;-0,0965;0,1956;3,6135;-0,0016;-0,1332;-0,0039;-0,5464
"sobre";-0,1908;0,2223;0,24;1,0475;-0,3156;0,8218;0,3763;0,3995;-0,1334;0,3015;-0,9092;-0,2331;-0,2412;-0,4006;-0,0038;0,2812;-0,0095;0,2461
"cidade";-0,317;2,8135;-0,618;1,5037;-1,9223;-0,6809;5,5553;0,3574;-0,2215;0,2804;-1,3038;-0,3871;-1,7668;-0,694;-0,0063;-0,5344;-0,0158;2,5514
"parlamento";0,6781;0,5371;-0,1995;-0,2515;2,6058;-0,3503;-0,127;-0,3194;-0,0715;-0,3957;-0,8505;-0,1249;2,1323;-0,6346;-0,002;-0,1725;-0,0051;-0,7072
"silvestre";-0,0465;-0,2165;-0,0906;-0,1143;-0,4128;-0,6003;-0,0577;-0,3527;-0,0325;-0,1798;-0,6974;-0,0568;-0,259;6,4591;-9e-04;-0,0784;-0,0023;-0,3213
"outro";1,1349;-0,1771;0,2334;-0,4807;0,2708;-0,4509;0,3684;-0,8243;-0,1366;-0,3119;-0,2464;1,771;-0,2532;0,8685;-0,0039;-0,3296;-0,0097;-0,381
"saber";-0,2282;0,3683;-0,1357;-0,5611;-0,2682;1,3518;-0,2833;-0,3353;-0,1595;0,2245;-0,6092;-0,2787;0,2633;0,9089;-0,0045;0,2309;-0,0114;-0,8981
"pouco";-0,0651;0,2989;-0,1269;1,3034;-0,578;0,2551;-0,0808;-0,1543;-0,0455;0,3567;1,3504;-0,0795;0,2471;-1,5617;-0,0013;-0,1097;-0,0032;0,1904
"além";0,7789;-0,3682;-0,1541;-0,1943;-0,702;-0,4739;0,6942;-0,2124;-0,0552;0,8252;1,0235;-0,0965;0,1956;0,2528;-0,0016;-0,1332;-0,0039;-0,1833
"política";-0,0976;1,1008;-0,1904;-0,2401;-0,3764;1,3505;-0,1212;-0,7412;-0,0682;0,6811;-0,7966;-0,1193;-0,5442;1,0918;-0,0019;-0,1646;-0,0049;-0,6751
"político";-0,0511;0,3745;-0,0997;-0,1257;-0,4541;0,7947;-0,0635;-0,388;-0,0357;0,4368;-0,7672;-0,0624;0,3178;0,3283;-0,001;0,7447;-0,0025;0,2543
"área";-0,0744;1,3995;-0,145;-0,1829;-0,2462;-0,9608;-0,0923;-0,5646;-0,052;-0,2877;-0,2447;0,7241;-0,4145;1,8244;-0,0015;-0,1254;-0,0037;-0,1659
"defensoria_pública";-0,0465;-0,2165;-0,0906;-0,1143;0,2122;-0,6003;-0,0577;-0,3527;-0,0325;-0,1798;-0,6974;-0,0568;-0,259;-1,1152;-9e-04;14,8305;-0,0023;-0,3213
"mesa";-0,0604;0,3214;-0,1178;-0,1486;3,2718;-0,7805;-0,075;-0,1362;-0,0422;0,3807;-0,3927;0,8061;-0,3368;-0,7679;-0,0012;-0,1019;-0,003;0,2092
"passado";-0,0697;-0,3249;-0,1359;0,4866;0,3979;0,2259;-0,0866;-0,5292;-0,0487;0,3348;-0,4882;-0,0852;-0,3886;0,9949;-0,0014;-0,1176;-0,0035;0,537
"liberdade";-0,0744;-0,3466;3,5794;0,4639;-0,2462;-0,1815;-0,0923;0,9077;-0,052;-0,2877;-0,5375;-0,0908;-0,4145;-0,5809;-0,0015;-0,1254;-0,0037;0,4983
"flagrante";-0,0744;-0,3466;-0,145;-0,1829;-0,6607;4,3278;-0,0923;-0,1925;-0,052;-0,2877;0,3657;-0,0908;0,6271;-1,0298;-0,0015;-0,1254;-0,0037;-0,5142
"próprio";-0,0651;0,2989;-0,1269;0,5112;-0,1983;-0,3524;-0,0808;1,0453;1,0026;-0,2517;-0,1838;-0,0795;0,2471;-0,2179;-0,0013;-0,1097;-0,0032;-0,4499
"fim";-0,0511;0,3745;1,6858;-0,1257;0,1881;-0,6603;-0,0635;-0,388;-0,0357;1,1503;-0,7672;-0,0624;-0,2849;0,65;-0,001;-0,0862;-0,0025;0,2543
"santa_catarina";-0,0651;5,8063;-0,1269;-0,16;0,895;-0,3524;-0,0808;-0,4939;-0,0455;-0,2517;0,4622;-0,0795;-0,3627;-1,5617;-0,0013;-0,1097;-0,0032;-0,4499
"necessário";-0,0511;-0,2382;-0,0997;-0,1257;0,1881;-0,2401;-0,0635;0,6785;-0,0357;0,4368;0,2999;-0,0624;0,8856;-0,2754;-0,001;-0,0862;-0,0025;-0,3534
"brasileiro";0,2857;0,3739;0,7819;-0,3284;-0,3866;-0,3204;1,2183;-0,2511;-0,2215;0,5274;-1,3038;-0,3871;1,7992;-0,3901;-0,0063;2,1409;-0,0158;-1,3951
"urbano";-0,0511;1,0131;-0,0997;-0,1257;-0,4541;-0,6603;-0,0635;-0,388;-0,0357;-0,1978;-0,7672;-0,0624;-0,2849;4,269;-0,001;-0,0862;-0,0025;-0,3534
"estadual";-0,0604;0,8887;-0,1178;-0,1486;-0,1755;0,638;1,9122;-0,4586;-0,0422;-0,2337;-0,9068;-0,0738;-0,3368;-0,3891;-0,0012;0,6797;-0,003;0,6271
"acontecer";-0,1442;1,2114;1,5943;-0,3546;-0,3394;0,2363;-0,179;0,3573;0,6838;-0,5579;-1,3572;-0,1761;0,9934;-0,5766;-0,0029;-0,2432;-0,0072;0,7539
"realizar";0,919;-0,2599;-0,1087;-0,1371;-0,1535;-0,7204;-0,0692;0,2057;-0,039;1,0825;-0,837;-0,0681;-0,3108;0,9482;-0,0011;-0,094;-0,0028;0,68
"ato";-0,0558;-0,2599;-0,1087;-0,1371;-0,4954;2,6768;-0,0692;-0,4233;-0,039;-0,2157;1,0507;-0,0681;-0,3108;-0,3307;-0,0011;-0,094;-0,0028;-0,3856
"deixar";-0,079;0,7012;-0,1541;0,4428;0,3332;-1,0209;-0,0981;0,4125;-0,0552;0,8252;-0,2775;-0,0965;-0,4405;0,777;-0,0016;-0,1332;-0,0039;-0,5464
"compromisso";-0,0465;3,0383;-0,0906;-0,1143;0,2122;-0,2053;-0,0577;-0,3527;-0,0325;-0,1798;-0,6974;-0,0568;0,3476;0,3951;-9e-04;-0,0784;-0,0023;-0,3213
"movimento";-0,0558;-0,2599;-0,1087;0,5674;0,5262;-0,2763;-0,0692;-0,4233;-0,039;0,4073;-0,837;-0,0681;-0,3108;2,0947;-0,0011;-0,094;-0,0028;-0,3856
"gerar";-0,0697;-0,3249;-0,1359;-0,1714;-0,2219;0,517;-0,0866;-0,5292;-0,0487;-0,2697;0,4109;-0,0852;-0,3886;0,9949;-0,0014;-0,1176;-0,0035;0,537
"segundo";-0,0697;0,2784;-0,1359;2,2051;-0,6194;0,9291;-0,0866;0,4831;-0,0487;-0,2697;-1,0464;-0,0852;0,2282;0,3454;-0,0014;-0,1176;-0,0035;-0,482
"parabéns";-0,1209;-0,5635;-0,2358;-0,2973;4,3107;-0,4818;-0,1501;-0,9179;-0,0845;-0,4678;0,4685;0,5402;-0,674;0,2559;-0,0024;0,4264;-0,006;-0,3588
"investigação";-0,0558;-0,2599;-0,1087;0,5674;-0,4954;-0,7204;-0,0692;-0,4233;-0,039;-0,2157;1,0507;-0,0681;2,4226;-0,3307;-0,0011;-0,094;-0,0028;0,2303
"honra";-0,0651;0,2989;-0,1269;-0,16;0,4358;1,5845;-0,0808;-0,4939;-0,0455;-0,2517;1,9649;-0,0795;-0,3627;-1,5617;-0,0013;-0,1097;-0,0032;-0,4499
"conceder";-0,1023;-0,4767;-0,1995;-0,2515;8,2333;-1,3215;-0,127;2,2552;1,9405;-0,3957;-0,8505;-0,1249;-0,5702;-2,4553;-0,002;-0,1725;-0,0051;-0,7072
"dois";-0,1395;-0,2458;0,332;0,2626;0,5425;0,257;-0,1733;-0,2351;-0,0975;2,9563;-0,4806;-0,1705;0,2799;-0,528;-0,0028;-0,2353;-0,0069;-0,445
"acusar";-0,0465;0,406;-0,0906;-0,1143;-0,4128;0,424;-0,0577;-0,3527;-0,0325;3,3381;-0,6974;-0,0568;0,3476;-0,5209;-9e-04;-0,0784;-0,0023;0,2817
"grave";-0,0511;0,3745;-0,0997;1,5;-0,4541;-0,2401;-0,0635;-0,388;2,5408;4,3958;-0,7672;-0,0624;-0,2849;-1,2268;-0,001;-0,0862;-0,0025;-0,3534
"trabalhador";-0,1163;-0,5418;-0,2267;-0,2859;-1,0329;-0,8285;-0,1443;-0,3884;-0,0813;-0,1362;-1,0154;10,8763;-0,648;2,3388;-0,0023;-0,196;-0,0058;-0,8038
"feira";-0,0511;-0,2382;-0,0997;-0,1257;-0,4541;-0,6603;-0,0635;-0,388;-0,0357;-0,1978;-0,7672;0,8732;-0,2849;4,269;-0,001;-0,0862;-0,0025;0,2543
"anunciar";-0,0604;0,3214;-0,1178;-0,1486;-0,5367;0,2886;-0,075;-0,4586;-0,0422;-0,2337;-0,9068;-0,0738;-0,3368;3,3508;-0,0012;-0,1019;-0,003;0,2092
"criminoso";-0,093;-0,4333;-0,1813;-0,2287;-0,8261;-0,2898;-0,1154;0,6963;-0,065;-0,3597;0,2314;-0,1136;0,49;0,5384;-0,0018;-0,1568;-0,0046;1,3043
"principalmente";-0,0744;0,2598;-0,145;-0,1829;-0,6607;-0,1815;0,7178;0,4461;-0,052;-0,2877;-0,5375;0,7241;-0,4145;0,2955;-0,0015;-0,1254;-0,0037;1,6318
"bandido";-0,079;-0,3682;-0,1541;-0,1943;-0,702;-0,4739;-0,0981;-0,2124;-0,0552;-0,3057;0,3259;-0,0965;0,5885;2,8627;-0,0016;-0,1332;-0,0039;-0,5464
"policial";-0,0604;6,0888;-0,1178;-0,1486;-0,5367;-0,7805;-0,075;-0,4586;-0,0422;0,3807;0,2254;-0,0738;-0,3368;0,2278;-0,0012;-0,1019;-0,003;-0,4177
"manifestação";-0,0465;-0,2165;-0,0906;-0,1143;6,7739;-0,6003;-0,0577;-0,3527;-0,0325;0,4699;-0,2592;-0,0568;-0,259;-1,1152;-9e-04;-0,0784;-0,0023;-0,3213
"olhar";-0,0744;-0,3466;-0,145;-0,1829;-0,2462;-0,1815;-0,0923;-0,5646;-0,052;-0,2877;0,3657;-0,0908;0,2111;-0,3066;-0,0015;-0,1254;-0,0037;3,2579
"sentido";-0,0465;0,406;-0,0906;-0,1143;0,2122;-0,2053;-0,0577;-0,3527;-0,0325;-0,1798;0,3473;-0,0568;0,3476;0,3951;-9e-04;-0,0784;-0,0023;0,2817
"plenário";-0,1442;-0,672;0,3218;0,7172;-1,2812;-0,6622;-0,179;2,6855;-0,1008;-0,5579;-0,2969;3,1886;0,5754;-0,5766;-0,0029;0,3678;-0,0072;-0,4672
"paraná";-0,0697;-0,3249;-0,1359;-0,1714;-0,6194;-0,9007;-0,0866;-0,5292;-0,0487;-0,2697;10,517;-0,0852;-0,3886;-1,6733;-0,0014;0,625;-0,0035;-0,482
"renda";-0,0651;-0,3032;-0,1269;1,3034;-0,1983;-0,8406;-0,0808;-0,4939;-0,0455;-0,2517;-0,4399;-0,0795;-0,3627;3,8559;-0,0013;-0,1097;-0,0032;-0,4499
"potássio";-0,0465;-0,2165;-0,0906;-0,1143;-0,4128;-0,6003;-0,0577;-0,3527;-0,0325;-0,1798;1,3182;-0,0568;-0,259;-1,1152;-9e-04;-0,0784;-0,0023;4,6778
"sair";-0,0651;-0,3032;-0,1269;-0,16;0,4358;-0,3524;0,7702;-0,1543;-0,0455;-0,2517;-0,4399;-0,0795;0,2471;0,4039;-0,0013;-0,1097;-0,0032;1,1382
"sras";-0,0558;0,3465;-0,1087;-0,1371;-0,4954;-0,7204;-0,0692;1,9614;-0,039;-0,2157;-0,3467;-0,0681;0,2914;0,5536;-0,0011;-0,094;-0,0028;0,2303
"termo";-0,0604;0,3214;0,6242;-0,1486;-0,5367;-0,3138;-0,075;1,8288;-0,0422;-0,2337;0,2254;-0,0738;-0,3368;0,4726;-0,0012;-0,1019;-0,003;-0,4177
"mínimo";0,9937;-0,2165;-0,0906;1,5798;-0,4128;-0,6003;-0,0577;0,2548;-0,0325;1,2259;-0,2592;-0,0568;0,9565;-0,5209;-9e-04;-0,0784;-0,0023;-0,3213
"resposta";-0,0558;-0,2599;1,6125;-0,1371;-0,4954;-0,7204;-0,0692;-0,4233;-0,039;-0,2157;-0,837;0,8382;7,3175;-0,6836;-0,0011;-0,094;-0,0028;-0,3856
"falar";0,2106;-0,7314;2,6262;-0,4905;0,3799;1,4744;-0,173;0,4071;-0,2902;0,8185;-2,2334;-0,1685;-0,3895;-0,5944;-0,0083;-0,7003;-0,0207;0,7399
"concluir";-0,0511;-0,2382;-0,0997;3,8977;-0,4541;0,3719;-0,0635;0,2286;-0,0357;-0,1978;-0,7672;-0,0624;-0,2849;0,3283;-0,001;-0,0862;-0,0025;0,2543
"inclusão";-0,0465;-0,2165;-0,0906;-0,1143;1,2605;-0,2053;-0,0577;0,2548;-0,0325;-0,1798;-0,2592;-0,0568;-0,259;0,7654;-9e-04;-0,0784;-0,0023;-0,3213
"durante";-0,0465;0,406;-0,0906;-0,1143;-0,4128;0,8913;-0,0577;-0,3527;-0,0325;-0,1798;-0,2592;-0,0568;0,3476;-0,5209;-9e-04;-0,0784;-0,0023;1,5283
"k";-0,1163;-0,5418;-0,2267;-0,2859;-1,0329;-1,502;-0,1443;-0,8826;-0,0813;-0,4498;20,8029;-0,142;-0,648;-2,7906;-0,0023;-0,196;-0,0058;-0,8038
"ir";-0,2422;-2,3696;-0,5001;-2,5895;-3,4389;0,8844;0,2437;-0,4957;-0,3011;-0,9858;24,6258;0,2522;-2,0553;-2,0464;-0,0209;-0,3678;-0,0524;-2,5304
"órgão";-0,079;-0,3682;-0,1541;0,4428;-0,702;-1,0209;-0,0981;-0,5999;-0,0552;0,8252;7,6749;-0,0965;-0,4405;-1,1196;-0,0016;-0,1332;-0,0039;-0,5464
"social";-0,0604;-0,2815;-0,1178;-0,1486;1,6083;-0,7805;-0,075;-0,4586;-0,0422;-0,2337;0,5208;-0,0738;-0,3368;1,2817;-0,0012;-0,1019;-0,003;-0,4177
"rio_de_janeiro";-0,2702;0,8237;-0,5269;-0,6645;-1,5669;2,6719;-0,3355;-1,2777;-0,1888;-1,0454;2,8819;-0,33;0,9311;-0,9053;-0,0054;-0,1413;-0,0134;-1,1295
"algum";-0,093;-0,4333;0,4669;-0,2287;0,2576;0,3126;0,6318;1,1856;-0,065;0,7135;0,2314;0,6381;-0,5183;-0,5163;-0,0018;-0,1568;-0,0046;-0,6429
"programa";0,2901;0,3854;-0,6089;-0,321;-0,3711;-1,2578;-0,3877;-2,3708;-0,2182;-1,2082;-4,6881;0,2332;-0,6073;14,1043;-0,0062;0,9292;-0,0155;-1,3682
"especialmente";-0,0511;1,0131;-0,0997;0,5998;0,1881;-0,6603;-0,0635;0,2286;-0,0357;-0,1978;0,2999;-0,0624;-0,2849;-1,2268;-0,001;0,7447;-0,0025;1,4131
"lutar";-0,0604;0,3214;-0,1178;-0,1486;-0,1755;-0,3138;-0,075;-0,4586;1,0332;0,3807;-0,9068;-0,0738;-0,3368;1,2817;-0,0012;-0,1019;-0,003;0,6271
"antes";-0,093;-0,4333;-0,1813;-0,2287;0,9953;-0,2898;-0,1154;0,6963;-0,065;0,2493;0,4636;0,6381;-0,5183;-0,5163;-0,0018;-0,1568;-0,0046;0,3743
"ele";-0,0697;-0,3249;-0,1359;-0,1714;0,8268;-0,392;-0,0866;0,4831;2,2684;0,3348;1,229;-0,0852;-0,3886;-0,9412;-0,0014;-0,1176;-0,0035;-0,482
"assim";-0,093;0,1998;-0,1813;-0,2287;0,2576;0,5973;-0,1154;0,3284;-0,065;-0,3597;-0,384;0,6381;-0,1698;0,3136;-0,0018;-0,1568;-0,0046;0,3743
"deus";-0,0976;1,1008;-0,1904;-0,2401;0,5293;4,792;0,6134;-0,2971;-0,0682;-0,3777;-0,4218;-0,1193;-0,5442;-2,3435;-0,0019;-0,1646;-0,0049;-0,6751
"matéria";-0,0697;-0,3249;-0,1359;-0,1714;-0,2219;-0,9007;-0,0866;3,2239;-0,0487;-0,2697;-0,4882;0,7494;0,2282;-0,5145;-0,0014;0,625;-0,0035;0,537
"muito";-0,0651;2,4276;0,5963;2,2937;-0,1983;0,2551;-0,0808;-0,4939;-0,0455;0,3567;-0,9766;0,7767;-0,3627;-0,8538;-0,0013;-0,1097;-0,0032;-0,4499
"muita";-0,1395;0,7518;-0,2721;0,2626;0,2844;-0,35;0,4828;-0,2351;-0,0975;-0,1836;0,3326;0,4886;0,6021;-0,528;-0,0028;-0,2353;-0,0069;-0,1951
"popular";-0,0465;0,406;-0,0906;-0,1143;-0,4128;-0,2053;-0,0577;-0,3527;-0,0325;-0,1798;-0,2592;-0,0568;-0,259;1,922;-9e-04;-0,0784;-0,0023;0,2817
"município";-0,079;2,1017;-0,1541;-0,1943;-0,702;0,7759;-0,0981;-0,5999;-0,0552;-0,3057;-1,1861;-0,0965;-0,4405;0,4733;-0,0016;0,5781;-0,0039;0,9346
"ainda";-0,1163;-0,1837;-0,2267;3,4061;0,3999;-0,4477;0,5486;0,5103;0,7679;-0,4498;0,2845;-0,142;0,3677;-0,8256;-0,0023;-0,196;-0,0058;-0,8038
"o";-0,1163;-0,5418;-0,2267;-0,2859;-1,0329;-1,502;-0,1443;-0,8826;-0,0813;-0,4498;20,8029;-0,142;-0,648;-2,7906;-0,0023;-0,196;-0,0058;-0,8038
"algo";-0,0651;-0,3032;-0,1269;2,2937;-0,578;-0,8406;-0,0808;-0,4939;-0,0455;0,3567;-0,4399;0,7767;0,2471;0,4039;-0,0013;-0,1097;-0,0032;1,1382
"jaboatão";-0,0465;-0,2165;-0,0906;-0,1143;-0,4128;-0,6003;-0,0577;11,1054;-0,0325;-0,1798;-0,6974;-0,0568;-0,259;-1,1152;-9e-04;-0,0784;-0,0023;-0,3213
"civil";-0,0465;-0,2165;-0,0906;-0,1143;-0,4128;-0,2053;-0,0577;-0,3527;-0,0325;-0,1798;0,7563;-0,0568;2,7546;-0,5209;-9e-04;0,7823;-0,0023;-0,3213
"questão";-0,0837;0,6634;-0,1632;-0,2058;-0,2966;-0,2334;0,6721;-0,6352;-0,0585;-0,3237;-0,3117;-0,1022;1,0845;1,0431;-0,0017;-0,1411;-0,0042;-0,5785
"tribuna";0,3569;0,3079;-0,4904;-0,6185;4,8534;-1,6386;-0,3123;-0,232;-0,1758;-0,2044;1,638;0,8095;-0,4112;-3,149;-0,005;0,2052;-0,0125;0,265
"anderson";-0,0465;-0,2165;-0,0906;1,5798;-0,4128;-0,6003;-0,0577;-0,3527;-0,0325;-0,1798;-0,2592;-0,0568;2,7546;0,3951;-9e-04;-0,0784;-0,0023;-0,3213
"gostar";1,8142;-0,3899;0,5042;1,107;-0,7434;0,3812;-0,1039;-0,6352;-0,0585;-0,3237;-0,3117;-0,1022;-0,4664;-0,2123;-0,0017;0,5569;-0,0042;0,8778
"seguir";-0,0651;-0,3032;-0,1269;0,5112;-0,578;0,5738;-0,0808;-0,4939;-0,0455;0,9658;-0,1838;0,7767;2,1569;-0,8538;-0,0013;-0,1097;-0,0032;-0,4499
"minha_casa_minha_vida";-0,1442;3,2349;-0,2812;-0,3546;-1,2812;-1,8631;-0,179;-1,0947;-0,1008;-0,5579;-2,1646;-0,1761;-0,8038;9,8453;-0,0029;-0,2432;-0,0072;-0,9971
"devido";-0,0465;-0,2165;1,7671;-0,1143;-0,4128;3,2202;0,9052;-0,3527;-0,0325;-0,1798;-0,6974;-0,0568;-0,259;-0,5209;-9e-04;-0,0784;-0,0023;-0,3213
"cumprir";-0,0511;-0,2382;0,6881;-0,1257;-0,4541;1,3657;-0,0635;-0,388;1,1026;-0,1978;-0,7672;-0,0624;-0,2849;0,65;-0,001;-0,0862;-0,0025;0,2543
"inclusive";-0,1349;-0,6286;0,3427;0,762;-0,6073;-1,0175;-0,1675;0,4018;0,7097;-0,5219;-0,2473;0,5007;-0,3068;2,6795;-0,0027;-0,2274;-0,0067;-0,9326
"liberar";-0,0511;0,3745;-0,0997;-0,1257;-0,4541;0,7947;5,0526;-0,388;-0,0357;-0,1978;0,2999;-0,0624;-0,2849;-0,6012;-0,001;-0,0862;-0,0025;-0,3534
"tarde";-0,0651;0,2989;0,5963;-0,16;-0,1983;-0,8406;-0,0808;-0,1543;-0,0455;0,9658;-0,1838;0,7767;0,2471;-0,4505;-0,0013;0,6512;-0,0032;0,1904
"continuar";-0,1349;0,3817;-0,263;0,2724;-1,1984;-0,3237;-0,1675;0,4018;0,7097;0,9539;-0,2473;0,5007;0,6304;0,3054;-0,0027;-0,2274;-0,0067;-0,4231
"mostrar";-0,0744;-0,3466;-0,145;-0,1829;-0,2462;0,8484;-0,0923;-0,5646;-0,052;0,3148;0,3657;-0,0908;0,2111;0,5429;-0,0015;-0,1254;-0,0037;-0,1659
"apoio";0,8865;0,3214;-0,1178;0,538;-0,1755;-0,3138;-0,075;-0,4586;-0,0422;-0,2337;-0,9068;-0,0738;-0,3368;2,5393;-0,0012;-0,1019;-0,003;-0,4177
"menos";-0,0604;0,8887;-0,1178;0,538;0,4783;-0,7805;-0,075;-0,4586;-0,0422;0,3807;-0,9068;0,8061;0,7663;0,2278;-0,0012;-0,1019;-0,003;0,2092
"zona";-0,0465;-0,2165;-0,0906;-0,1143;-0,4128;3,2202;-0,0577;-0,3527;-0,0325;0,4699;-0,6974;-0,0568;-0,259;-0,2237;-9e-04;-0,0784;-0,0023;0,2817
"ver";-0,1955;0,4752;0,6681;-0,4807;-0,596;-0,7189;-0,2427;0,3803;-0,1366;0,6172;0,5558;-0,2388;0,3548;-0,2903;-0,0039;-0,3296;-0,0097;0,7526
"vez";-0,1768;0,2536;0,2613;-0,4349;-0,2643;0,966;1,0494;-0,7164;-0,1236;-0,6841;0,7161;-0,216;-0,2066;0,2998;-0,0035;0,3039;-0,0088;-0,6285
"preciso";-0,0837;-0,3899;-0,1632;0,4232;0,6581;0,3812;-0,1039;0,3819;-0,0585;0,2795;-1,2559;-0,1022;1,0845;-0,2123;-0,0017;-0,1411;-0,0042;-0,2012
"quase";-0,0465;-0,2165;-0,0906;-0,1143;-0,4128;-0,6003;-0,0577;-0,3527;-0,0325;1,2259;-0,6974;-0,0568;-0,259;1,922;-9e-04;-0,0784;-0,0023;0,8065
"minuto";-0,2468;-1,1503;-0,4813;-0,2231;6,3631;-1,1214;-0,3065;4,4313;-0,1725;-0,955;1,7068;-0,3015;-0,7451;-3,7919;-0,0049;-0,4162;-0,0123;-1,7067
"polícia_federal";-0,0558;-0,2599;-0,1087;0,5674;-0,4954;-0,7204;-0,0692;-0,4233;-0,039;-0,2157;-0,3467;-0,0681;0,8227;1,4605;-0,0011;-0,094;-0,0028;0,68
"dia";-0,2235;-0,5017;0,1983;-0,1906;-1,2214;0,5618;0,3259;0,7749;-0,1562;-0,8646;-0,5779;0,331;0,5209;0,3961;-0,0044;0,6747;-0,0111;0,5931
"bahia";-0,0837;0,6634;-0,1632;0,4232;-0,7434;-1,081;-0,1039;-0,6352;-0,0585;-0,3237;1,9574;-0,1022;-0,4664;-0,7199;-0,0017;-0,1411;-0,0042;2,9462
"situação";-0,0697;0,7867;0,5706;-0,1714;0,3979;0,2259;-0,0866;0,4831;-0,0487;0,3348;-1,0464;-0,0852;0,2282;-0,5145;-0,0014;-0,1176;-0,0035;0,537
"inafiançável";-0,0511;-0,2382;-0,0997;-0,1257;-0,4541;2,9279;-0,0635;0,2286;-0,0357;-0,1978;0,2999;-0,0624;-0,2849;-0,2754;-0,001;-0,0862;-0,0025;-0,3534
"bom";-0,1163;-0,5418;-0,2267;0,3167;2,2601;0,391;-0,1443;0,2283;-0,0813;0,57;-0,3182;-0,142;-0,648;-0,312;-0,0023;-0,196;-0,0058;-0,3379
"aprovação";-0,0511;-0,2382;-0,0997;-0,1257;0,1881;-0,6603;-0,0635;2,1102;-0,0357;1,1503;-0,7672;3,4867;-0,2849;-0,6012;-0,001;-0,0862;-0,0025;-0,3534
"semana";-0,0465;0,406;0,7252;-0,1143;0,2122;-0,6003;-0,0577;-0,3527;-0,0325;-0,1798;-0,6974;-0,0568;0,3476;0,3951;-9e-04;0,7823;-0,0023;0,8065
"ontem";-0,0651;0,2989;-0,1269;-0,16;-0,578;-0,8406;-0,0808;-0,1543;1,0026;1,7638;-0,9766;-0,0795;-0,3627;1,6441;-0,0013;-0,1097;-0,0032;0,1904
"tudo";-0,0976;-0,1379;0,4499;-0,2401;0,9341;0,5483;-0,1212;-0,7412;-0,0682;-0,3777;-0,7966;-0,1193;-0,5442;0,7487;-0,0019;0,501;-0,0049;0,3493
"garantia";-0,0465;-0,2165;-0,0906;0,6358;-0,4128;-0,6003;-0,0577;-0,3527;-0,0325;1,2259;2,0288;-0,0568;-0,259;-0,2237;-9e-04;-0,0784;-0,0023;-0,3213
"audiência";-0,079;0,7012;-0,1541;-0,1943;-0,702;1,7975;-0,0981;0,4125;-0,0552;0,8252;-0,5878;-0,0965;-0,4405;-1,1196;-0,0016;-0,1332;-0,0039;0,9346
"instituição";0,803;-0,3466;3,5794;-0,1829;-0,2462;-0,9608;-0,0923;-0,5646;-0,052;-0,2877;-1,1162;-0,0908;1,2113;0,5429;-0,0015;1,4904;-0,0037;-0,5142
"palavra";-0,3216;-1,4989;-0,6272;-0,7909;13,4887;-0,9815;-0,3993;1,0635;-0,2248;-1,2444;5,0632;-0,3929;-1,7929;-7,7227;-0,0064;-0,5423;-0,016;-2,224
"garantir";-0,0511;-0,2382;-0,0997;0,5998;0,1881;-0,6603;-0,0635;-0,388;-0,0357;2,0682;-0,7672;-0,0624;2,5785;-0,2754;-0,001;-0,0862;-0,0025;-0,3534
"nada";-0,0976;1,1008;-0,1904;-0,2401;-0,8674;0,5483;-0,1212;-0,2971;-0,0682;0,6811;-1,4655;-0,1193;0,462;-0,5745;-0,0019;-0,1646;-0,0049;2,5603
"trazer";-0,0697;-0,3249;-0,1359;-0,1714;-0,2219;0,2259;-0,0866;-0,1731;-0,0487;0,915;-0,2134;3,0626;-0,3886;0,3454;-0,0014;-0,1176;-0,0035;-0,482
"construir";-0,0465;-0,2165;-0,0906;1,5798;-0,4128;0,424;-0,0577;-0,3527;-0,0325;-0,1798;-0,6974;-0,0568;-0,259;0,3951;-9e-04;-0,0784;-0,0023;1,5283
"perder";-0,0465;-0,2165;-0,0906;-0,1143;0,2122;-0,2053;-0,0577;-0,3527;-0,0325;-0,1798;-0,6974;-0,0568;0,3476;1,922;-9e-04;-0,0784;-0,0023;0,2817
"amazona";-0,0837;-0,3899;-0,1632;-0,2058;-0,2966;-0,5161;-0,1039;-0,6352;-0,0585;-0,3237;1,4011;-0,1022;-0,4664;-2,0084;-0,0017;0,5569;-0,0042;5,914
"colocar";-0,0837;0,2273;1,2823;-0,2058;-0,7434;-1,081;-0,1039;1,9851;-0,0585;-0,3237;-1,2559;-0,1022;1,7514;0,4127;-0,0017;-0,1411;-0,0042;-0,2012
"primeiro";-0,079;-0,3682;0,5248;-0,1943;0,3332;-0,4739;-0,0981;0,4125;-0,0552;0,2964;-0,2775;-0,0965;0,1956;0,777;-0,0016;-0,1332;-0,0039;-0,1833
"justiça";0,4172;-0,4563;-0,4085;0,9553;-1,8612;-0,8235;-0,2601;0,328;0,5434;-0,3466;-1,5515;-0,2559;1,8553;2,178;-0,0042;-0,3532;-0,0104;0,3971
"esperar";-0,0883;0,213;-0,1722;0,405;-0,7847;0,3451;-0,1097;0,3539;-0,0617;1,4032;-1,3258;-0,1079;3,2857;-0,7922;-0,0018;-0,1489;-0,0044;-0,2196
"forma";-0,1116;0,4857;-0,2176;-0,2744;-0,4602;-0,4144;-0,1386;0,9498;-0,078;0,2007;0,8743;-0,1363;0,3889;-0,2748;-0,0022;-0,1882;-0,0056;-0,3173
"passar";0,5489;0,3478;-0,2812;-0,3546;-0,6683;-0,6622;-0,179;-0,2512;-0,1008;-0,5579;1,1105;0,477;-0,8038;0,5942;-0,0029;-0,2432;-0,0072;1,181
"desde";-0,0837;0,2273;-0,1632;-0,2058;0,3055;-0,5161;-0,1039;-0,6352;-0,0585;-0,3237;1,4011;-0,1022;0,553;-0,2123;-0,0017;-0,1411;-0,0042;0,4308
"precisar";0,2857;-0,2387;2,5678;-0,3284;-0,6022;-1,7366;-0,3935;0,3574;-0,2215;0,5274;-2,2098;-0,3871;4,5677;-0,2815;-0,0063;-0,183;-0,0158;0,6801
"resolução";-0,0651;-0,3032;-0,1269;-0,16;-0,578;1,0192;-0,0808;1,0453;-0,0455;3,8028;-0,4399;-0,0795;-0,3627;-1,5617;-0,0013;-0,1097;-0,0032;0,1904
"emprego";-0,0511;0,3745;-0,0997;-0,1257;-0,4541;-0,2401;-0,0635;-0,388;-0,0357;-0,1978;-0,3022;-0,0624;-0,2849;1,0961;-0,001;-0,0862;-0,0025;1,4131
"ministro";-0,1582;1,6374;0,8095;1,242;-0,405;-1,2614;-0,1964;-0,302;-0,1106;-0,2244;0,4072;-0,1932;2,5433;-2,0233;-0,0031;-0,2667;-0,0079;0,356
"registrar";0,7351;0,6283;-0,1722;-0,2172;0,2804;-1,1411;-0,1097;0,3539;-0,0617;-0,3417;0,8567;-0,1079;-0,4923;-0,2493;-0,0018;0,5371;-0,0044;0,4014
"comissão";-0,1256;-0,5852;-0,2449;-0,3088;-0,2581;-0,5165;-0,1559;0,4524;-0,0878;3,214;-0,3802;6;-0,7;-0,9607;-0,0025;0,4136;-0,0062;-0,3799
"voto";1,4511;1,349;0,3539;0,786;-1,157;0,5373;-0,1617;1,2043;-0,091;-0,5038;0,3948;-0,1591;0,6603;-3,126;-0,0026;-0,2196;-0,0065;-0,4014
"investimento";-0,0465;-0,2165;-0,0906;-0,1143;-0,4128;-0,2053;-0,0577;-0,3527;-0,0325;-0,1798;-0,2592;-0,0568;-0,259;0,7654;-9e-04;-0,0784;-0,0023;2,4209
"fazer";-0,1986;-0,3273;1,2281;-0,4094;-0,2815;0,5143;0,5533;0,2837;-0,2585;0,5105;-2,7302;-0,5927;0,4047;0,4077;-0,019;0,3069;0,9854;0,872
"ano";-0,2375;1,4419;-0,1449;-0,2099;-1,3239;1,5812;0,3073;-1,803;-0,166;-0,1816;-0,9687;0,3122;0,242;-0,2956;-0,0047;-0,4005;-0,0118;1,5748
"unidade";-0,0837;2,8719;-0,1632;-0,2058;-0,7434;-1,081;-0,1039;-0,6352;-0,0585;-0,3237;-1,2559;-0,1022;-0,4664;4,9753;-0,0017;-0,1411;-0,0042;-0,5785
"caixa_econômica";-0,0651;-0,3032;-0,1269;-0,16;-0,578;-0,8406;-0,0808;-0,4939;-0,0455;-0,2517;-0,9766;-0,0795;-0,3627;9,0472;-0,0013;-0,1097;-0,0032;-0,4499
"inteiro";-0,0465;1,0865;0,7252;0,6358;0,6424;-0,6003;-0,0577;-0,3527;-0,0325;-0,1798;-0,6974;-0,0568;0,9565;-0,5209;-9e-04;-0,0784;-0,0023;0,2817
"qualquer";-0,0883;0,6283;0,485;0,405;-0,7847;0,3451;-0,1097;-0,2539;-0,0617;0,2638;-0,6907;-0,1079;2,425;-0,4603;-0,0018;-0,1489;-0,0044;-0,2196
"ouvir";-0,2562;-1,1938;-0,4995;-0,63;-0,945;-2,3461;-0,3181;-1,9449;-0,179;-0,4677;22,4915;-0,3129;0,6749;-2,6212;-0,0051;-0,432;-0,0127;-1,0514
"crime";-0,3029;-0,7737;-0,5907;2,1797;-2,6914;0,6756;-0,3761;-0,3763;0,4136;0,5695;1,923;-0,37;0,2809;-1,5749;-0,006;-0,5108;-0,0151;1,3991
"cautelar";-0,0511;-0,2382;-0,0997;-0,1257;-0,4541;-0,6603;-0,0635;4,1406;-0,0357;-0,1978;1,8214;-0,0624;-0,2849;-1,2268;-0,001;-0,0862;-0,0025;-0,3534
"soltar";-0,0511;-0,2382;-0,0997;-0,1257;-0,4541;2,9279;-0,0635;-0,388;-0,0357;-0,1978;-0,7672;-0,0624;0,3178;0,65;-0,001;-0,0862;-0,0025;-0,3534
"educação";-0,0604;-0,2815;-0,1178;-0,1486;2,3778;-0,7805;-0,075;-0,4586;-0,0422;-0,2337;2,1505;-0,0738;-0,3368;-0,3891;-0,0012;-0,1019;-0,003;-0,4177
"contar";-0,0883;-0,4116;-0,1722;-0,2172;0,6114;-0,261;-0,1097;0,7428;-0,0617;0,2638;-0,3472;-0,1079;0,5203;-0,4603;-0,0018;0,5371;-0,0044;0,4014
"federal";-0,0837;0,2273;-0,1632;0,4232;1,7198;-0,2334;-0,1039;-0,2329;-0,0585;-0,3237;-0,3117;-0,1022;-0,4664;0,4127;-0,0017;-0,1411;-0,0042;-0,2012
"certeza";-0,0511;0,3745;-0,0997;0,5998;0,1881;0,7947;-0,0635;-0,388;-0,0357;-0,1978;-0,7672;0,8732;-0,2849;-0,6012;-0,001;-0,0862;-0,0025;1,4131
"população";0,4948;1,5397;-0,3266;4,4957;-0,8252;-0,5234;-0,208;0,2673;-0,1171;0,3647;-1,6514;-0,2046;-0,9337;-0,3856;-0,0033;1,585;-0,0083;0,3202
"estar";-0,1442;0,3478;0,8741;0,2533;-0,3394;0,4309;-0,179;1,0487;-0,1008;-0,5579;0,3052;-0,1761;-0,3399;-0,3694;-0,0029;-0,2432;-0,0072;-0,2089
"achar";-0,0511;1,0131;1,6858;-0,1257;1,1515;-0,2401;-0,0635;-0,388;-0,0357;-0,1978;-0,7672;-0,0624;-0,2849;0,3283;-0,001;-0,0862;-0,0025;-0,3534
"aqui";-0,0651;-0,3032;-0,1269;0,5112;-0,578;-0,8406;-0,0808;-0,1543;-0,0455;0,3567;1,9649;-0,0795;0,7154;-0,8538;-0,0013;0,6512;-0,0032;0,1904
"solicitar";-0,0511;-0,2382;-0,0997;0,5998;-0,4541;0,3719;-0,0635;0,2286;-0,0357;-0,1978;0,2999;-0,0624;0,3178;0,65;-0,001;-0,0862;-0,0025;-0,3534
"s";-0,0558;-0,2599;-0,1087;-0,1371;3,5061;-0,7204;-0,0692;-0,4233;-0,039;-0,2157;2,3617;-0,0681;-0,3108;-1,3384;-0,0011;-0,094;-0,0028;-0,3856
"droga";-0,0558;0,3465;-0,1087;-0,1371;-0,4954;5,8322;-0,0692;-0,4233;-0,039;0,4073;-0,837;-0,0681;-0,3108;-1,3384;-0,0011;0,7107;-0,0028;-0,3856
"câmara_dos_deputados";-0,0837;-0,3899;-0,1632;-0,2058;-0,2966;0,7105;0,6721;0,3819;-0,0585;-0,3237;1,4011;0,6784;-0,1426;-1,2105;-0,0017;-0,1411;-0,0042;-0,2012
"acabar";-0,0604;-0,2815;-0,1178;-0,1486;-0,1755;0,638;0,7996;-0,4586;-0,0422;-0,2337;0,2254;-0,0738;0,268;0,4726;-0,0012;-0,1019;-0,003;0,2092
"hediondo";-0,0558;-0,2599;-0,1087;1,4282;-0,4954;-0,2763;-0,0692;1,214;-0,039;-0,2157;1,0507;-0,0681;-0,3108;-0,3307;-0,0011;-0,094;-0,0028;-0,3856
"família";-0,1768;0,5515;-0,3448;1,7861;2,2359;-1,4615;-0,2196;-0,7164;2,5579;-0,6841;-0,4994;-0,216;-0,9857;1,158;-0,0035;-0,2982;-0,0088;-1,2227
"caso";-0,1862;-0,8675;-0,363;1,7107;-1,654;1,1889;-0,2311;0,7028;-0,1301;-0,2894;0,4187;-0,2274;2,7519;-0,7772;-0,0037;-0,3139;-0,0093;-1,2872
"prisão";-0,2936;-1,3681;-0,5724;0,6495;-2,6083;2,6915;-0,3645;-0,5761;-0,2052;-0,57;0,8792;-0,3586;4,2928;-0,9002;-0,0058;-0,495;1,4806;-0,7865
"junto";-0,0604;-0,2815;-0,1178;-0,1486;3,2718;-0,7805;4,7257;-0,4586;-0,0422;0,3807;-0,3927;-0,0738;-0,3368;-0,7679;-0,0012;-0,1019;-0,003;-0,4177
"luta";-0,1069;-0,4984;-0,2085;-0,263;-0,1851;-0,3819;-0,1328;-0,342;0,8011;-0,4137;-0,5008;0,5854;-0,5961;3,3537;-0,0021;-0,1803;-0,0053;-0,297
"oportunidade";-0,0697;0,2784;-0,1359;-0,1714;-0,2219;1,4559;-0,0866;-0,1731;-0,0487;-0,2697;0,4109;0,7494;-0,3886;-0,9412;-0,0014;-0,1176;-0,0035;0,537
"respeito";0,661;-0,4984;-0,2085;-0,263;3,9983;0,4627;-0,1328;0,2636;-0,0747;-0,4137;-0,9049;-0,1306;0,4116;-0,6965;-0,0021;0,4688;-0,0053;-0,7394
"então";-0,2328;-0,2528;0,559;0,4271;0,7874;0,3271;-0,2891;-0,6184;0,5052;-0,9008;0,7027;-0,2844;-0,6863;0,6465;-0,0046;-0,3926;-0,0116;-0,5256
"processo";-0,0883;-0,4116;-0,1722;0,405;-0,3227;2,8183;-0,1097;1,256;-0,0617;-0,3417;-0,6907;-0,1079;-0,156;-0,7922;-0,0018;-0,1489;-0,0044;-0,2196
"polícia";-0,079;0,7012;-0,1541;-0,1943;-0,2711;0,4215;-0,0981;0,4125;-0,0552;-0,3057;-0,2775;-0,0965;1,8407;-0,3553;-0,0016;-0,1332;-0,0039;-0,5464
"lado";-0,0651;2,4276;1,4847;-0,16;-0,1983;-0,8406;0,7702;-0,4939;-0,0455;-0,2517;-0,1838;-0,0795;-0,3627;0,4039;-0,0013;-0,1097;-0,0032;-0,4499
"viver";-0,079;0,2428;-0,1541;-0,1943;1,2114;-0,2068;-0,0981;0,4125;-0,0552;-0,3057;-1,1861;-0,0965;0,5885;-0,3553;-0,0016;-0,1332;-0,0039;0,9346
"líder";1,5108;-0,5635;-0,2358;-0,2973;5,1635;-1,5621;-0,1501;4,0254;-0,0845;-0,4678;-1,0714;-0,1477;-0,2588;-1,3385;-0,0024;-0,2039;-0,006;-0,836
"atender";-0,1209;0,4404;-0,2358;-0,2973;-1,0742;-1,5621;0,5342;-0,9179;-0,0845;-0,4678;4,6046;-0,1477;-0,674;0,9481;-0,0024;0,4264;-0,006;-0,836
"srs";0,6781;1,0524;-0,1995;-0,2515;-0,9088;-0,6913;0,5959;1,0595;-0,0715;-0,3957;0,66;-0,1249;-0,1983;0,2376;-0,002;-0,1725;-0,0051;-0,2771
"imunidade";-0,0604;-0,2815;-0,1178;4,9111;-0,5367;0,2886;-0,075;-0,1362;-0,0422;-0,2337;0,9429;-0,0738;0,268;-1,45;-0,0012;-0,1019;-0,003;-0,4177
"empresa";-0,093;-0,4333;-0,1813;-0,2287;-0,8261;-1,2012;-0,1154;-0,2753;-0,065;6,2555;-1,3956;-0,1136;-0,5183;-2,2318;-0,0018;-0,1568;-0,0046;7,6857
"aí";-0,0511;-0,2382;-0,0997;-0,1257;0,1881;0,3719;-0,0635;0,2286;-0,0357;1,1503;-0,3022;-0,0624;0,3178;0,3283;-0,001;-0,0862;-0,0025;-0,3534
"discutir";-0,0465;-0,2165;-0,0906;-0,1143;-0,4128;-0,6003;-0,0577;0,7439;-0,0325;0,4699;-0,6974;-0,0568;0,3476;1,922;-9e-04;-0,0784;-0,0023;-0,3213
"último";-0,0558;0,9476;-0,1087;-0,1371;-0,1535;-0,2763;-0,0692;0,621;-0,039;0,4073;-0,3467;-0,0681;-0,3108;0,5536;-0,0011;-0,094;-0,0028;-0,3856
"agora";-0,4012;-1,1346;-0,3308;-0,4665;-0,4853;1,6116;-0,1637;-1,5027;0,3227;-0,8833;7,754;-0,4901;-0,3578;-1,0174;-0,008;-0,6766;-0,02;-1,3035
"pronunciamento";-0,1582;0,3032;-0,3084;0,2279;-0,2018;-2,0437;0,4391;-1,2009;-0,1106;-0,612;3,1568;-0,1932;-0,8818;1,5352;-0,0031;0,3383;-0,0079;-1,0937
"juiz";-0,0511;-0,2382;-0,0997;-0,1257;-0,4541;2,9279;-0,0635;0,2286;-0,0357;-0,1978;-0,7672;-0,0624;0,3178;-1,2268;-0,001;-0,0862;-0,0025;1,4131
"defesa";-0,0558;0,3465;1,6125;-0,1371;-0,1535;-0,7204;-0,0692;0,621;-0,039;-0,2157;-0,837;-0,0681;1,543;-1,3384;-0,0011;2,9605;-0,0028;-0,3856
"pedir";2,6257;-0,2837;-0,4813;-0,2231;0,4589;0,2715;1,4876;0,4001;-0,1725;0,4387;-1,9847;1,5056;-1,376;-0,35;-0,0049;0,2101;-0,0123;0,487
"brazão";-0,1955;-0,911;-0,3812;-0,1535;-1,7368;1,077;-0,2427;1,8403;-0,1366;-0,7563;-0,6324;-0,2388;2,6101;-0,2903;-0,0039;-0,3296;-0,0097;0,2335
"transporte";-0,0558;1,7429;-0,1087;-0,1371;-0,4954;-0,2763;-0,0692;-0,4233;-0,039;2,9938;0,2597;-0,0681;-0,3108;-1,3384;-0,0011;-0,094;-0,0028;0,68
"chique";-0,1302;-0,6069;-0,2539;0,2826;-1,157;0,304;-0,1617;2,3256;-0,091;-0,5038;-0,4127;-0,1591;3,0697;-1,0304;-0,0026;-0,2196;-0,0065;0,4923
"sociedade";-0,0558;0,3465;-0,1087;0,5674;0,5262;-0,7204;-0,0692;-0,4233;2,4638;-0,2157;-0,3467;-0,0681;1,543;-0,3307;-0,0011;-0,094;-0,0028;-0,3856
"existir";-0,0651;0,2989;-0,1269;0,5112;-0,578;1,0192;-0,0808;-0,1543;-0,0455;0,3567;-0,9766;-0,0795;-0,3627;0,7154;-0,0013;-0,1097;-0,0032;0,1904
"moradia";-0,0744;-0,3466;-0,145;-0,1829;-0,6607;-0,9608;-0,0923;-0,5646;-0,052;-0,2877;-1,1162;-0,0908;-0,4145;10,3422;-0,0015;-0,1254;-0,0037;-0,5142
"reconhecer";-0,0465;1,0865;-0,0906;-0,1143;1,2605;0,424;-0,0577;-0,3527;-0,0325;-0,1798;-0,2592;-0,0568;-0,259;-0,2237;-9e-04;-0,0784;-0,0023;-0,3213
"decisão";-0,1815;0,2426;-0,3539;1,0984;-1,6125;0,635;-0,2254;1,1004;-0,1268;-0,7022;-0,3275;-0,2217;0,4039;0,2708;-0,0036;-0,306;-0,009;0,5208
"enfermagem";16,9217;-0,2165;-0,0906;-0,1143;-0,4128;-0,6003;-0,0577;-0,3527;-0,0325;-0,1798;-0,2592;-0,0568;-0,259;-1,1152;-9e-04;-0,0784;-0,0023;-0,3213
"ter";-0,331;-1,5425;0,7434;-0,814;-0,273;0,5152;-0,411;-0,4667;-0,2313;-0,3505;-0,2908;0,6289;-0,6719;3,3597;-0,0066;-0,5581;-0,0165;-0,9595
"governador";-0,0976;2,5486;-0,1904;-0,2401;-0,3764;0,2832;0,6134;-0,2971;-0,0682;-0,3777;-0,7966;-0,1193;-0,5442;1,5065;-0,0019;-0,1646;-0,0049;-0,6751
"vir";-0,2795;-0,6914;-0,1886;-0,6874;1,0474;-0,3171;1,3516;-1,3363;-0,1954;1,0221;-0,499;0,2641;-0,2681;-0,5762;-0,0056;-0,4714;-0,0139;2,5152
"obrigar";-0,1815;0,2426;0,2539;-0,4463;19,1883;-0,6186;-0,2254;-1,3779;-0,1268;-0,7022;0,2761;-0,2217;-1,0117;-4,357;-0,0036;-0,306;-0,009;-1,2549
"guarda";-0,0465;-0,2165;-0,0906;-0,1143;-0,4128;-0,6003;-0,0577;11,1054;-0,0325;-0,1798;-0,6974;-0,0568;-0,259;-1,1152;-9e-04;-0,0784;-0,0023;-0,3213
"levar";-0,0837;2,8719;-0,1632;-0,2058;0,3055;-1,081;-0,1039;0,3819;-0,0585;0,2795;-0,6389;-0,1022;-0,1426;0,6875;-0,0017;-0,1411;-0,0042;-0,5785
"projeto";5,5177;-0,6914;-0,5451;-0,6874;0,762;-1,9189;0,7273;-2,1223;-0,1954;1,4705;-0,3379;2,1236;-1,5583;-0,5762;-0,0056;1,0371;-0,0139;1,2114
"morte";-0,0558;-0,2599;-0,1087;-0,1371;-0,4954;0,711;-0,0692;0,2057;-0,039;0,4073;-0,3467;-0,0681;0,2914;0,5536;-0,0011;-0,094;-0,0028;0,2303
"voltar";-0,0558;0,3465;-0,1087;-0,1371;-0,1535;0,711;-0,0692;0,2057;1,0664;-0,2157;-0,3467;-0,0681;0,2914;0,2733;-0,0011;-0,094;-0,0028;-0,3856
"a";-0,0604;-0,2815;-0,1178;0,538;0,4783;-0,3138;-0,075;-0,4586;-0,0422;-0,2337;0,5208;-0,0738;-0,3368;0,8227;-0,0012;-0,1019;-0,003;0,2092
"dentro";-0,0558;-0,2599;-0,1087;-0,1371;-0,1535;0,711;-0,0692;0,2057;-0,039;-0,2157;-0,837;-0,0681;0,8227;0,9482;-0,0011;-0,094;-0,0028;-0,3856
"grande";0,3453;-0,6269;-0,5086;-0,2433;1,5632;-0,2495;0,7736;-0,7524;1,1866;-1,0092;0,5036;-0,3186;-1,4541;0,7416;-0,0052;-0,1334;-0,013;-0,3691
"fundamental";-0,0465;-0,2165;-0,0906;-0,1143;0,6424;-0,6003;-0,0577;0,2548;-0,0325;-0,1798;0,3473;-0,0568;0,3476;0,3951;-9e-04;-0,0784;-0,0023;0,2817
"mato_grosso";-0,0558;-0,2599;-0,1087;-0,1371;-0,4954;1,235;-0,0692;-0,4233;-0,039;-0,2157;2,3617;-0,0681;-0,3108;-1,3384;-0,0011;0,7107;-0,0028;0,2303
"papel";-0,0511;-0,2382;1,6858;-0,1257;-0,4541;0,3719;-0,0635;0,2286;1,1026;-0,1978;-0,7672;-0,0624;0,3178;-0,6012;-0,001;-0,0862;-0,0025;1,4131
"presidência";-0,0465;-0,2165;-0,0906;-0,1143;2,0451;-0,6003;-0,0577;2,2791;-0,0325;0,4699;-0,2592;-0,0568;-0,259;-1,1152;-9e-04;-0,0784;-0,0023;-0,3213
"supremo_tribunal_federal";-0,0883;-0,4116;1,2398;1,0659;-0,7847;-0,5589;-0,1097;1,8807;-0,0617;-0,3417;-0,3472;-0,1079;0,5203;-1,3023;-0,0018;-0,1489;-0,0044;1,3769
"bilhão";-0,1116;-0,5201;-0,2176;-0,2744;-0,9915;-0,4144;-0,1386;-0,8472;-0,078;0,2007;-0,5417;-0,1363;-0,6221;5,2997;-0,0022;-0,1882;-0,0056;0,6155
"ficar";-0,1535;0,3173;0,8302;-0,3775;1,5866;1,2652;-0,1906;-0,5856;-0,1073;-0,594;-0,5889;-0,1875;-0,8558;0,4909;-0,0031;-0,2589;-0,0076;-0,5123
"todo";0,5231;-0,4603;0,5025;0,4877;-1,5253;-0,3509;0,3715;-0,612;0,4101;0,3503;-0,388;0,6867;-1,3316;0,9452;-0,0168;1,8136;-0,042;0,3903
"prefeito";-0,1302;3,5265;-0,2539;0,2826;0,6103;0,8431;0,5074;-0,2039;-0,091;0,9887;-0,7138;-0,1591;-0,7259;-3,126;-0,0026;-0,2196;-0,0065;0,2196
"querer";0,319;-0,4044;-0,207;-1,0319;0,8579;-0,3811;-0,3933;0,89;0,5081;-0,2317;-0,368;0,2315;-2,923;0,962;-0,0141;1,7322;-0,0352;-1,1
"obra";-0,0465;-0,2165;-0,0906;0,6358;-0,4128;-0,2053;-0,0577;-0,3527;-0,0325;-0,1798;-0,6974;-0,0568;-0,259;-0,2237;-9e-04;-0,0784;-0,0023;4,6778
"aprovar";-0,093;-0,4333;-0,1813;-0,2287;0,5686;-0,6025;-0,1154;0,6963;-0,065;0,7135;-0,384;-0,1136;2,3209;-0,2889;-0,0018;-0,1568;-0,0046;-0,6429
"divulgar";-0,1535;-0,7154;-0,2994;0,236;-0,7304;-0,7386;0,4494;-0,5856;-0,1073;-0,594;3,3034;0,4551;-0,3737;0,7086;-0,0031;0,3477;-0,0076;-0,5123
"cada";-0,0744;0,7422;-0,145;-0,1829;-0,2462;-0,1815;2,9561;-0,1925;-0,052;-0,2877;-0,5375;-0,0908;0,6271;-0,5809;-0,0015;0,6007;2,0715;-0,5142
"nome";-0,0697;0,2784;0,5706;-0,1714;-0,6194;0,2259;-0,0866;-0,5292;-0,0487;0,3348;-0,2134;-0,0852;0,6692;0,9949;-0,0014;-0,1176;-0,0035;-0,482
"contra";-0,1209;-0,5635;-0,2358;0,8374;-0,5181;0,9625;-0,1501;-0,9179;0,7525;-0,1453;-1,0714;-0,1477;1,8175;-0,574;-0,0024;0,4264;-0,006;0,9592
"importância";-0,0511;0,3745;-0,0997;-0,1257;1,8807;-0,6603;-0,0635;-0,388;-0,0357;-0,1978;0,6657;-0,0624;-0,2849;-0,2754;-0,001;-0,0862;-0,0025;0,2543
"país";1,6665;0,5391;-0,5086;-0,6415;0,4004;-1,2391;0,2793;-0,7524;-0,1823;0,4006;-1,1738;1,4446;-0,4399;0,2917;-0,0052;0,5776;-0,013;2,2483
"parlamentar";1,3862;1,2235;0,3568;0,5418;-1,0079;3,6986;0,2097;-0,2968;-0,2346;-1,2987;0,9798;-0,41;-0,2252;-4,0779;-0,0067;-0,566;-0,0167;-0,3874
"organizado";-0,0651;-0,3032;-0,1269;-0,16;-0,578;0,2551;-0,0808;-0,4939;-0,0455;0,9658;-0,4399;-0,0795;-0,3627;0,4039;-0,0013;-0,1097;-0,0032;2,676
"voz_do_brasil";0,661;0,5106;-0,2085;0,3427;0,8248;0,2329;-0,1328;-0,8119;-0,0747;-0,4137;-1,6052;0,5854;-0,213;0,8928;-0,0021;0,4688;-0,0053;-0,297
"exa";-0,0558;-0,2599;-0,1087;-0,1371;3,5061;-0,7204;-0,0692;-0,4233;-0,039;-0,2157;2,3617;-0,0681;-0,3108;-1,3384;-0,0011;-0,094;-0,0028;-0,3856
"representante";-0,0558;0,9476;-0,1087;-0,1371;-0,1535;-0,7204;-0,0692;0,621;-0,039;-0,2157;0,2597;-0,0681;-0,3108;0,9482;-0,0011;-0,094;-0,0028;-0,3856
"porque";-0,3731;-1,7389;2,2174;-0,9176;0,3562;0,644;-0,4633;0,3631;0,3454;-0,4379;-1,4305;-0,4558;1,7809;1,5677;-0,0074;-0,6292;-0,0186;-1,723
"autista";-0,079;-0,3682;-0,1541;-0,1943;13,6323;-1,0209;-0,0981;-0,5999;-0,0552;-0,3057;-0,2775;-0,0965;-0,4405;-1,8967;-0,0016;-0,1332;-0,0039;-0,5464
"habitacional";-0,0558;5,0368;-0,1087;-0,1371;-0,4954;0,3272;-0,0692;-0,4233;-0,039;-0,2157;-0,837;-0,0681;-0,3108;0,5536;-0,0011;-0,094;-0,0028;-0,3856
"assumir";-0,0465;-0,2165;-0,0906;-0,1143;0,2122;0,424;-0,0577;0,7439;-0,0325;1,2259;-0,6974;-0,0568;-0,259;-0,2237;-9e-04;-0,0784;-0,0023;0,2817
"art";-0,0837;-0,3899;1,2823;-0,2058;-0,7434;3,004;-0,1039;1,332;-0,0585;0,2795;0,2906;-0,1022;-0,4664;-2,0084;-0,0017;-0,1411;-0,0042;-0,5785
"ser";0,3008;0,4505;9,341;-0,6555;-0,6445;4,8822;-0,1823;-0,8945;-0,1719;0,7286;-2,7009;-0,8982;-0,9928;-0,6562;-0,0146;-1,2399;-0,0366;-0,9203
"pagar";-0,079;-0,3682;-0,1541;2,0472;-0,702;2,4553;-0,0981;-0,5999;-0,0552;2,3817;-1,1861;-0,0965;0,1956;-1,1196;-0,0016;-0,1332;-0,0039;-0,1833
"parecer";-0,0837;0,2273;-0,1632;0,4232;-0,7434;-1,081;-0,1039;4,5463;-0,0585;-0,3237;-0,6389;-0,1022;1,0845;-0,7199;-0,0017;-0,1411;-0,0042;0,4308
"são_paulo";-0,1116;-0,5201;-0,2176;-0,2744;-0,4602;-0,4144;-0,1386;-0,8472;-0,078;5,5513;2,2697;-0,1363;-0,6221;-1,1763;-0,0022;0,4539;-0,0056;-0,3173
"considerar";-0,0697;-0,3249;-0,1359;0,4866;-0,6194;0,2259;-0,0866;3,2239;-0,0487;-0,2697;1,229;-0,0852;-0,3886;-0,9412;-0,0014;-0,1176;-0,0035;-0,482
"dizer";-0,42;-0,4478;-0,3543;-0,2329;0,9505;2,0164;-0,5215;-0,5423;-0,2935;-0,9401;-1,8449;0,4862;1,4612;-0,2824;-0,0084;-0,7082;-0,0209;0,5073
"pessoa";1,02;-0,5171;-0,1357;-0,5611;0,3365;-0,6489;-0,2833;-0,5967;7,2034;-0,394;-0,4026;-0,2787;-0,667;0,5133;-0,0045;0,6614;-0,0114;0,3318
"criar";-0,0604;-0,2815;-0,1178;-0,1486;-0,1755;-0,3138;0,7996;-0,1362;-0,0422;-0,2337;-0,3927;-0,0738;-0,3368;1,8523;-0,0012;0,6797;-0,003;-0,4177
"chegar";-0,093;-0,4333;-0,1813;-0,2287;-0,8261;0,9772;-0,1154;-0,7058;-0,065;-0,3597;0,7849;-0,1136;0,49;0,5384;-0,0018;0,5185;-0,0046;-0,2384
"judicial";-0,0558;-0,2599;1,6125;1,4282;-0,4954;-0,2763;-0,0692;0,621;5,8748;-0,2157;-0,837;-0,0681;-0,3108;-0,6836;-0,0011;-0,094;-0,0028;-0,3856
"direito";-0,1256;-0,5852;0,3656;-0,3088;-0,5475;1,2954;-0,1559;-0,189;-0,0878;-0,4858;-0,6696;-0,1534;0,3292;1,5717;-0,0025;-0,2117;-0,0062;-0,3799
"real";-0,093;-0,4333;-0,1813;-0,2287;-0,8261;-0,6025;-0,1154;-0,7058;-0,065;2,1146;-0,7433;-0,1136;-0,5183;3,4579;-0,0018;-0,1568;-0,0046;0,3743
"saúde";-0,0837;0,2273;-0,1632;-0,2058;0,6581;-1,081;-0,1039;-0,6352;-0,0585;2,2865;-1,2559;-0,1022;-0,4664;2,0021;-0,0017;-0,1411;-0,0042;-0,2012
"apenas";-0,0604;0,8887;-0,1178;0,538;-0,5367;-0,3138;-0,075;0,5699;-0,0422;1,0214;-0,3927;-0,0738;0,268;-0,3891;-0,0012;0,6797;-0,003;-0,4177
"tanto";-0,0604;-0,2815;-0,1178;-0,1486;-0,5367;-0,7805;-0,075;-0,1362;-0,0422;1,0214;-0,3927;0,8061;0,268;0,8227;-0,0012;-0,1019;-0,003;0,6271
"apresentar";7,6809;2,8719;-0,1632;0,4232;0,3055;-0,5161;-0,1039;-0,6352;-0,0585;0,2795;-0,6389;-0,1022;-0,4664;-1,2105;-0,0017;-0,1411;-0,0042;-0,5785
"ocorrer";-0,0697;0,2784;-0,1359;-0,1714;-0,6194;0,2259;-0,0866;-0,1731;-0,0487;-0,2697;-0,4882;-0,0852;0,2282;0,9949;-0,0014;-0,1176;-0,0035;1,064
"tomar";-0,0511;-0,2382;-0,0997;0,5998;0,1881;-0,6603;-0,0635;0,6785;-0,0357;-0,1978;-0,3022;-0,0624;0,3178;0,65;-0,001;-0,0862;-0,0025;0,2543
"marielle";-0,1442;-0,672;-0,2812;0,7172;-1,2812;0,2363;-0,179;-0,5348;-0,1008;-0,5579;-1,3572;-0,1761;7,1936;1,1428;-0,0029;-0,2432;-0,0072;-0,9971
"entidade";-0,1209;0,4404;-0,2358;-0,2973;-1,0742;-1,5621;-0,1501;-0,9179;-0,0845;-0,4678;-1,8149;-0,1477;-0,674;13,2274;-0,0024;-0,2039;-0,006;-0,836
"trabalho";-0,1955;-0,1771;-0,3812;-0,1535;1,4872;-1,1054;0,3684;1,3781;-0,1366;0,2904;-0,2464;3,7068;-1,0897;-0,8831;-0,0039;0,7631;-0,0097;-1,3517
"economia";-0,0465;1,0865;-0,0906;-0,1143;-0,4128;0,8913;-0,0577;-0,3527;-0,0325;-0,1798;0,3473;-0,0568;-0,259;-0,5209;-9e-04;-0,0784;-0,0023;0,8065
"permitir";-0,0465;-0,2165;-0,0906;-0,1143;2,0451;-0,6003;0,9052;0,7439;-0,0325;-0,1798;-0,6974;-0,0568;0,9565;-1,1152;-9e-04;-0,0784;-0,0023;0,2817
"aquele";-0,0837;-0,3899;-0,1632;-0,2058;-0,2966;-0,2334;-0,1039;-0,2329;-0,0585;-0,3237;-0,6389;-0,1022;-0,1426;3,3026;-0,0017;-0,1411;-0,0042;-0,2012
"aquela";-0,0511;-0,2382;-0,0997;-0,1257;0,1881;0,3719;0,8666;-0,388;-0,0357;-0,1978;0,2999;0,8732;-0,2849;0,3283;-0,001;-0,0862;-0,0025;0,2543
"exemplo";-0,0651;-0,3032;-0,1269;-0,16;-0,1983;1,0192;-0,0808;-0,4939;-0,0455;-0,2517;-0,1838;0,7767;-0,3627;1,128;-0,0013;-0,1097;-0,0032;-0,4499
"br";-0,0511;-0,2382;-0,0997;-0,1257;-0,4541;-0,2401;-0,0635;-0,388;-0,0357;-0,1978;-0,7672;-0,0624;-0,2849;-1,2268;-0,001;-0,0862;-0,0025;10,4855
"agradecer";-0,0558;-0,2599;-0,1087;-0,1371;0,5262;-0,2763;-0,0692;0,2057;1,0664;-0,2157;-0,837;0,8382;-0,3108;0,5536;-0,0011;0,7107;-0,0028;0,2303
"poder";0,4904;-1,0238;1,6002;-0,6568;-0,3304;-0,3476;-0,2388;1,0912;-0,3559;1,1274;-1,0045;-0,2328;0,7469;-1,3457;-0,0101;-0,8586;-0,0253;2,3629
"votar";-0,2749;-0,349;0,9137;0,3416;-1,0597;3,0359;-0,3413;3,3043;-0,1921;-0,5183;-3,0715;0,7494;-0,2578;-1,228;-0,0055;-0,4635;1,5087;-0,2311
"infelizmente";-0,0837;1,2669;-0,1632;2,9927;-0,7434;-0,5161;-0,1039;1,332;-0,0585;0,2795;-0,6389;-0,1022;-0,4664;-0,4066;-0,0017;-0,1411;-0,0042;-0,2012
"governo";-0,2795;0,4769;-0,5451;0,3334;-0,4489;-1,4005;-0,3471;-2,1223;-0,1954;-0,2527;-3,135;-0,3415;-1,5583;4,9867;-0,0056;3,1732;-0,0139;1,5982
"lembrar";-0,0697;-0,3249;-0,1359;-0,1714;0,8268;-0,392;-0,0866;-0,5292;0,9742;-0,2697;1,8002;-0,0852;-0,3886;0,3454;-0,0014;-0,1176;-0,0035;-0,482
"cadeia";-0,0465;0,406;-0,0906;-0,1143;-0,4128;0,424;0,9052;-0,3527;-0,0325;-0,1798;0,7563;-0,0568;-0,259;-1,1152;-9e-04;-0,0784;-0,0023;1,5283
"imprensa";-0,0465;-0,2165;6,0842;-0,1143;-0,4128;-0,6003;-0,0577;-0,3527;-0,0325;-0,1798;-0,2592;-0,0568;0,3476;0,3951;-9e-04;-0,0784;-0,0023;-0,3213
"assassinato";-0,0558;-0,2599;-0,1087;-0,1371;-0,4954;0,3272;-0,0692;0,2057;-0,039;-0,2157;-0,3467;-0,0681;0,8227;1,4605;-0,0011;-0,094;-0,0028;-0,3856
"conselho";-0,0976;-0,455;-0,1904;-0,2401;-0,8674;0,5483;-0,1212;-0,2971;0,8374;2,8977;-0,7966;-0,1193;-0,5442;0,4764;-0,0019;0,501;-0,0049;0,3493
"representar";-0,1302;0,4002;-0,2539;-0,3202;4,7933;-0,9697;-0,1617;1,7254;-0,091;-0,1641;0,96;-0,1591;-0,7259;-3,126;-0,0026;-0,2196;-0,0065;-0,9004
"relação";-0,0697;-0,3249;-0,1359;-0,1714;-0,6194;-0,9007;-0,0866;-0,5292;-0,0487;-0,2697;-0,4882;-0,0852;-0,3886;2,0308;-0,0014;3,9387;-0,0035;0,537
"manter";-0,0744;-0,3466;-0,145;0,4639;-0,6607;0,4665;0,7178;-0,1925;-0,052;-0,2877;-0,5375;-0,0908;0,6271;0,5429;-0,0015;-0,1254;-0,0037;0,4983
"nenhum";-0,0837;0,2273;-0,1632;-0,2058;-0,7434;1,6704;-0,1039;-0,6352;-0,0585;0,2795;-0,6389;-0,1022;-0,4664;0,4127;-0,0017;-0,1411;-0,0042;1,4551
"responsabilidade";-0,0465;-0,2165;-0,0906;-0,1143;0,6424;-0,6003;-0,0577;0,2548;-0,0325;-0,1798;-0,6974;-0,0568;0,9565;-1,1152;-9e-04;-0,0784;-0,0023;3,4717
"votação";-0,1069;-0,4984;-0,2085;-0,263;-0,9501;-0,3819;-0,1328;11,2467;-0,0747;-0,4137;-1,6052;-0,1306;0,4116;-0,6965;-0,0021;-0,1803;-0,0053;-0,297
"operação";-0,0511;-0,2382;-0,0997;-0,1257;0,1881;-0,6603;-0,0635;0,6785;-0,0357;1,1503;-0,7672;-0,0624;-0,2849;-1,2268;-0,001;-0,0862;-0,0025;4,3624
"entender";-0,0976;-0,455;-0,1904;-0,2401;-0,3764;1,3505;-0,1212;-0,7412;-0,0682;0,6811;1,1032;-0,1193;1,5195;-1,4885;-0,0019;-0,1646;-0,0049;-0,2576
"constituição";-0,1629;-0,7589;3,1565;-0,4005;-1,4468;9,1739;-0,2022;-0,3196;-0,1138;-0,63;-0,665;-0,1989;-0,1741;-1,55;-0,0032;-0,2746;-0,0081;-1,126
"defender";0,7564;-0,3899;1,2823;-0,2058;-0,7434;0,7105;1,6382;-0,2329;0,8997;0,2795;-0,6389;-0,1022;-0,4664;-0,2123;-0,0017;-0,1411;-0,0042;-0,2012
"público";-0,331;0,5811;-0,2462;-0,814;-1,4198;-0,7622;-0,411;-0,7322;-0,2313;2,1119;-2,3682;-0,4043;-1,1131;-0,4749;-0,0066;15,7239;-0,0165;1,5502
"lei";0,4025;-0,4865;0,5969;-0,5381;-0,7254;5,6677;0,3325;-0,3049;-0,1529;0,2414;-1,1736;0,3376;-1,2198;-0,3068;-0,0044;0,2423;-0,0109;-0,8478
"claro";-0,0883;0,213;2,1824;-0,2172;-0,7847;1,0558;-0,1097;-0,2539;-0,0617;0,2638;-0,6907;-0,1079;-0,156;-0,4603;-0,0018;-0,1489;-0,0044;0,8255
"meio";-0,1209;0,4404;-0,2358;0,3047;0,3733;-0,8752;1,3406;-0,1745;-0,0845;-0,1453;-1,0714;-0,1477;-0,674;0,9481;-0,0024;-0,2039;-0,006;0,9592
"querido";-0,0697;-0,3249;0,5706;-0,1714;0,8268;0,517;-0,0866;-0,5292;-0,0487;-0,2697;2,4757;-0,0852;-0,3886;-1,6733;-0,0014;-0,1176;-0,0035;-0,149
"animal";-0,0604;-0,2815;-0,1178;-0,1486;-0,5367;-0,7805;-0,075;-0,4586;-0,0422;-0,2337;-0,9068;-0,0738;-0,3368;8,4;-0,0012;-0,1019;-0,003;-0,4177
"sim";-0,1489;-0,272;0,3121;2,046;-0,6992;-1,163;-0,1848;1,0021;-0,104;0,4267;-0,552;-0,1818;1,4545;-0,6268;2,1677;-0,251;-0,0074;0,3962
"especial";-0,0651;0,8354;-0,1269;-0,16;1,4937;0,2551;-0,0808;-0,4939;-0,0455;-0,2517;-0,4399;1,8624;-0,3627;-0,8538;-0,0013;-0,1097;-0,0032;0,5797
"de";2,2701;0,5042;-0,7518;0,4498;-2,31;-1,7045;-0,3933;-0,3157;0,5081;1,0637;0,7682;0,8764;0,5888;0,407;-0,0141;-0,6132;-0,0352;0,2878
"sessão";-0,0697;0,2784;-0,1359;-0,1714;-0,2219;-0,9007;-0,0866;5,2869;-0,0487;-0,2697;0,7646;-0,0852;-0,3886;-0,9412;-0,0014;-0,1176;-0,0035;-0,482
"dever";-0,1302;-0,6069;0,947;0,786;-0,5773;0,304;-0,1617;0,4263;-0,091;0,5021;-0,7138;-0,1591;2,3361;-1,0304;-0,0026;-0,2196;-0,0065;0,4923
"dar";-0,2842;-0,3718;2,0807;0,6767;0,3183;-0,736;-0,3529;0,2825;-0,1986;-0,544;-0,7443;1,3512;-0,5141;0,8869;-0,0057;-0,1535;-0,0141;-0,2528
"mandato";-0,1069;-0,4984;0,4187;-0,263;3,2025;0,2329;2,4853;-0,8119;-0,0747;-0,4137;0,3458;-0,1306;-0,5961;-0,4219;-0,0021;-0,1803;-0,0053;-0,7394
"importante";0,273;-0,2641;-0,6454;1,4339;-0,273;-1,8666;1,1734;-1,6645;-0,2313;1,1722;-0,4218;0,2177;1,2868;0,4757;-0,0066;0,4398;-0,0165;-0,2182
"senhor";-0,0976;1,1008;-0,1904;-0,2401;-0,3764;0,5483;-0,1212;1,1203;-0,0682;-0,3777;0,4203;-0,1193;-0,5442;-2,3435;-0,0019;-0,1646;-0,0049;1,8495
"agricultura";-0,0511;0,3745;-0,0997;-0,1257;-0,4541;-0,6603;0,8666;0,6785;-0,0357;4,3958;-0,3022;-0,0624;-0,2849;-0,6012;-0,001;-0,0862;-0,0025;-0,3534
"orientar";-0,0651;-0,3032;-0,1269;-0,16;-0,578;-0,3524;-0,0808;9,7531;-0,0455;-0,2517;-0,9766;-0,0795;0,2471;-1,5617;2,5263;-0,1097;-0,0032;-0,4499
"tempo";-0,1675;-0,3263;-0,3266;-0,4119;0,6503;0,4987;-0,208;1,2399;2,6257;-0,2455;-1,0905;0,4252;2,396;-1,6282;-0,0033;-0,2825;-0,0083;-0,5814
"atenção";-0,079;1,3306;-0,1541;0,4428;-0,702;-0,2068;-0,0981;0,8479;-0,0552;-0,3057;-1,1861;-0,0965;0,5885;0,2528;-0,0016;-0,1332;-0,0039;0,463
"próximo";-0,1163;-0,1837;-0,2267;-0,2859;7,3264;-0,4477;0,5486;-0,8826;-0,0813;-0,4498;-1,0154;-0,142;-0,2433;-1,2569;-0,0023;-0,196;-0,0058;1,0079
"legislativo";-0,0604;0,3214;-0,1178;-0,1486;-0,1755;-0,3138;1,9122;0,5699;-0,0422;-0,2337;-0,3927;0,8061;0,7663;-1,45;-0,0012;-0,1019;-0,003;0,6271
"haver";-0,1209;-0,5635;-0,2358;-0,2973;-1,0742;1,8614;-0,1501;0,8536;-0,0845;-0,1453;0,4685;-0,1477;-0,674;0,2559;-0,0024;-0,2039;-0,006;0,2501
"vereador";-0,093;0,1998;-0,1813;0,3879;0,9953;0,9772;1,5516;-0,2753;-0,065;-0,3597;0,4636;-0,1136;-0,1698;-1,395;-0,0018;-0,1568;-0,0046;-0,6429
"respeitar";-0,0651;-0,3032;0,5963;-0,16;-0,578;7,401;-0,0808;-0,4939;-0,0455;-0,2517;-0,9766;-0,0795;0,2471;-0,8538;-0,0013;-0,1097;-0,0032;-0,4499
"bem";-0,1955;-0,1771;0,2334;-0,1535;4,9703;-0,2694;-0,2427;-0,4517;-0,1366;-0,7563;0,3635;0,3737;-0,5344;-0,6308;-0,0039;-0,3296;-0,0097;-0,7245
"parabenizar";-0,0697;-0,3249;-0,1359;-0,1714;-0,6194;-0,9007;-0,0866;-0,5292;-0,0487;-0,2697;-0,2134;1,8039;-0,3886;2,0308;-0,0014;1,5434;-0,0035;-0,149
"milícia";-0,079;-0,3682;-0,1541;-0,1943;-0,702;-0,4739;-0,0981;-0,5999;-0,0552;-0,3057;-0,5878;-0,0965;8,2821;0,4733;-0,0016;-0,1332;-0,0039;-0,5464
"mil";-0,1489;0,3321;-0,2903;0,6962;-1,3226;-1,9233;0,4601;-0,5601;-0,104;1,4089;-0,8975;-0,1818;-0,8298;5,0955;-0,003;-0,251;-0,0074;-0,4897
"milhão";-0,0511;0,3745;-0,0997;-0,1257;-0,4541;0,7947;-0,0635;-0,388;-0,0357;1,1503;-0,3022;-0,0624;-0,2849;-0,2754;-0,001;-0,0862;-0,0025;0,7393
"servidor";-0,1489;-0,6937;-0,2903;-0,3661;0,2485;-0,7001;-0,1848;-0,5601;-0,104;-0,5759;-2,2345;-0,1818;-0,8298;2,6746;-0,003;9,9327;-0,0074;-0,4897
"serviço";0,6961;-0,1379;-0,1904;-0,2401;0,5293;-1,2614;-0,1212;-0,7412;-0,0682;0,2359;-0,7966;-0,1193;-0,5442;1,5065;-0,0019;2,2303;-0,0049;0,3493
"alguma";-0,0465;0,406;-0,0906;-0,1143;-0,4128;-0,2053;0,9052;0,2548;-0,0325;-0,1798;-0,2592;-0,0568;-0,259;1,2723;-9e-04;-0,0784;-0,0023;-0,3213
"ninguém";-0,0558;-0,2599;-0,1087;0,5674;0,5262;1,235;-0,0692;0,2057;1,0664;-0,2157;0,588;-0,0681;-0,3108;-1,3384;-0,0011;-0,094;-0,0028;-0,3856
"democracia";-0,1023;-0,4767;11,237;-0,2515;-0,9088;0,2568;-0,127;-0,7765;-0,0715;-0,3957;-0,8505;-0,1249;2,1323;-0,6346;-0,002;-0,1725;-0,0051;-0,7072
"passo";-0,0511;-0,2382;-0,0997;0,5998;0,1881;-0,6603;-0,0635;0,6785;-0,0357;-0,1978;0,6657;0,8732;0,3178;-0,2754;-0,001;-0,0862;-0,0025;-0,3534
"debate";-0,0837;-0,3899;-0,1632;0,4232;0,3055;-1,081;-0,1039;-0,6352;-0,0585;-0,3237;0,2906;-0,1022;5,5062;-0,2123;-0,0017;-0,1411;-0,0042;-0,5785
"minas_gerais";-0,0837;0,6634;-0,1632;-0,2058;-0,2966;-1,081;-0,1039;-0,6352;-0,0585;-0,3237;6,0755;-0,1022;-0,4664;-0,4066;-0,0017;-0,1411;-0,0042;-0,5785
"pedido";-0,093;-0,4333;-0,1813;0,3879;-0,3493;-1,2012;-0,1154;-0,2753;-0,065;0,7135;7,4245;-0,1136;-0,5183;-1,395;-0,0018;-0,1568;-0,0046;-0,6429
"favor";-0,0837;-0,3899;-0,1632;0,4232;1,1332;-0,5161;-0,1039;0,7931;2,1111;-0,3237;0,2906;-0,1022;-0,4664;-0,7199;-0,0017;-0,1411;-0,0042;0,4308
"frente";-0,0465;-0,2165;-0,0906;-0,1143;0,2122;0,8913;-0,0577;0,7439;-0,0325;-0,1798;0,3473;-0,0568;-0,259;-0,5209;-9e-04;0,7823;-0,0023;-0,3213
"trabalhar";-0,0558;0,3465;-0,1087;-0,1371;0,5262;-0,7204;3,3451;-0,4233;-0,039;-0,2157;0,588;-0,0681;0,2914;-1,3384;-0,0011;-0,094;-0,0028;0,68
"conseguir";-0,0511;0,3745;-0,0997;-0,1257;-0,4541;0,3719;0,8666;-0,388;1,1026;-0,1978;-0,3022;-0,0624;0,3178;-0,2754;-0,001;1,8039;-0,0025;-0,3534
"amigo";-0,0558;-0,2599;-0,1087;-0,1371;1,0558;0,711;-0,0692;-0,4233;-0,039;-0,2157;0,588;-0,0681;0,8227;-0,6836;-0,0011;-0,094;-0,0028;-0,3856
"supremo";-0,0511;-0,2382;0,6881;0,5998;-0,4541;-0,6603;-0,0635;-0,388;-0,0357;-0,1978;4,6041;-0,0624;-0,2849;-0,6012;-0,001;-0,0862;-0,0025;-0,3534
"cuidar";3,8769;0,406;-0,0906;-0,1143;-0,4128;-0,6003;-0,0577;0,7439;2,6259;-0,1798;-0,6974;-0,0568;-0,259;-0,5209;-9e-04;0,7823;-0,0023;-0,3213
"ministério";-0,0604;0,3214;-0,1178;-0,1486;0,9709;-0,3138;-0,075;-0,1362;-0,0422;-0,2337;-0,3927;-0,0738;-0,3368;0,4726;-0,0012;-0,1019;-0,003;0,6271
"mundo";-0,0837;0,2273;1,2823;-0,2058;0,3055;0,7105;-0,1039;-0,6352;-0,0585;-0,3237;0,2906;-0,1022;0,553;-0,4066;-0,0017;-0,1411;-0,0042;-0,2012
"tão";-0,0697;-0,3249;-0,1359;2,2051;-0,2219;-0,9007;-0,0866;-0,1731;-0,0487;3,6414;-0,2134;-0,0852;1,2831;-1,6733;-0,0014;-0,1176;-0,0035;-0,482
"chamar";-0,093;0,1998;-0,1813;0,3879;0,9953;-0,2898;-0,1154;-0,2753;-0,065;-0,3597;1,1936;-0,1136;0,49;-0,8661;-0,0018;-0,1568;-0,0046;-0,2384
"possibilidade";-0,0511;-0,2382;-0,0997;0,5998;-0,4541;-0,6603;0,8666;2,1102;-0,0357;0,4368;0,2999;-0,0624;-0,2849;-0,2754;-0,001;-0,0862;-0,0025;-0,3534
"comunicação";-0,1815;-0,8458;-0,3539;-0,1359;0,322;-1,5121;0,3927;1,1004;-0,1268;-0,2782;3,5942;0,3982;-1,0117;-0,5017;-0,0036;-0,306;-0,009;-0,3306
"possível";-0,0744;-0,3466;-0,145;1,1979;-0,6607;-0,1815;-0,0923;-0,1925;-0,052;1,6026;0,3657;0,7241;-0,4145;0,2955;-0,0015;-0,1254;-0,0037;-0,5142
"parte";-0,0837;-0,3899;-0,1632;0,4232;-0,2966;-0,5161;-0,1039;0,3819;0,8997;0,2795;-0,6389;-0,1022;-0,1426;2,0021;-0,0017;-0,1411;-0,0042;-0,5785
"diante";-0,0465;3,0383;-0,0906;0,6358;-0,4128;0,424;-0,0577;-0,3527;-0,0325;-0,1798;0,3473;-0,0568;-0,259;-0,5209;-9e-04;-0,0784;-0,0023;-0,3213
"comissão_de_constituição_e_justiça";-0,0465;-0,2165;-0,0906;0,6358;-0,4128;-0,6003;-0,0577;2,2791;-0,0325;0,4699;-0,6974;-0,0568;1,7687;-0,5209;-9e-04;-0,0784;-0,0023;-0,3213
"deputado_federal";-0,0558;0,9476;-0,1087;-0,1371;-0,4954;1,235;-0,0692;0,2057;-0,039;-0,2157;-0,3467;-0,0681;0,8227;-1,3384;-0,0011;0,7107;-0,0028;0,2303
"maior";-0,1442;1,8001;-0,2812;0,2533;-0,6683;-0,3772;-0,179;-1,0947;0,6838;0,4441;1,4995;-0,1761;-0,8038;-0,2243;-0,0029;-0,2432;-0,0072;-0,2089
"estado";-0,4247;0,8144;-0,8281;0,3747;-1,5297;-1,7616;0,4707;-1,167;-0,2968;-0,5526;1,9133;-0,5187;-0,4113;-0,3987;-0,0084;0,6536;-0,0211;4,2147
"manutenção";-0,079;-0,3682;-0,1541;0,4428;-0,702;-0,4739;-0,0981;1,4144;-0,0552;0,2964;-0,5878;-0,0965;1,1454;0,2528;-0,0016;-0,1332;2,0452;-0,1833
"aparte";-0,0511;-0,2382;-0,0997;-0,1257;9,4438;-0,6603;-0,0635;-0,388;-0,0357;-0,1978;-0,3022;-0,0624;-0,2849;-1,2268;-0,001;-0,0862;-0,0025;-0,3534
"momento";-0,1862;0,8932;-0,363;1,0725;0,304;0,5984;0,3844;-0,77;0,5869;-0,7202;0,4187;1,0235;0,3868;-0,7772;-0,0037;-0,3139;-0,0093;-0,6762
"vida";-0,1116;0,4857;-0,2176;0,3294;0,7758;-0,7823;-0,1386;-0,3651;-0,078;0,2007;-0,2888;-0,1363;0,3889;1,1406;-0,0022;-0,1882;-0,0056;-0,7716
"criação";-0,0511;-0,2382;-0,0997;-0,1257;0,1881;-0,6603;6,7967;0,2286;-0,0357;-0,1978;-0,7672;-0,0624;-0,2849;0,65;-0,001;-0,0862;-0,0025;-0,3534
"nacional";0,6144;-0,5635;-0,2358;-0,2973;-0,2391;-0,8752;0,5342;-0,9179;0,7525;3,3082;-1,0714;-0,1477;-0,2588;-0,574;-0,0024;4,0792;-0,006;0,5499
"preso";-0,1629;-0,7589;-0,3175;-0,4005;-1,4468;12,2874;-0,2022;-0,6373;-0,1138;-0,63;-1,0415;-0,1989;-0,1741;-0,7865;-0,0032;-0,2746;-0,0081;-0,2673
"fato";-0,0604;0,8887;-0,1178;0,538;-0,5367;-0,3138;-0,075;-0,1362;-0,0422;-0,2337;1,4873;-0,0738;-0,3368;-0,7679;-0,0012;-0,1019;-0,003;0,6271
"rio_grande_do_sul";-0,0976;-0,455;-0,1904;-0,2401;2,0454;-1,2614;-0,1212;0,305;-0,0682;0,6811;2,7367;-0,1193;-0,5442;-1,4885;-0,0019;0,501;-0,0049;-0,6751
"usar";-0,0837;1,2669;-0,1632;0,4232;0,3055;0,7105;-0,1039;-0,6352;-0,0585;-0,3237;0,5648;-0,1022;-0,4664;-0,2123;-0,0017;-0,1411;-0,0042;-0,5785
"ação";-0,1163;-0,5418;-0,2267;1,5839;-0,489;-1,502;0,5486;0,5103;-0,0813;-0,4498;-0,5835;-0,142;-0,648;2,3388;-0,0023;-0,196;-0,0058;0,5816
"microfone";-0,0511;-0,2382;-0,0997;-0,1257;7,7341;-0,6603;-0,0635;-0,388;-0,0357;-0,1978;0,2999;-0,0624;-0,2849;-1,2268;-0,001;-0,0862;-0,0025;-0,3534
"desenvolvimento";-0,0511;2,8589;-0,0997;-0,1257;-0,4541;-0,2401;-0,0635;-0,388;-0,0357;1,1503;-0,3022;-0,0624;-0,2849;-0,2754;-0,001;0,7447;-0,0025;-0,3534
"em";0,9331;-0,4447;-1,0204;0,4796;-0,2492;-0,2846;0,7357;-0,9162;1,2949;-0,2823;0,3018;0,75;0,6999;-1,0513;-0,0104;0,4899;-0,026;0,7605
"tema";-0,0465;0,406;0,7252;-0,1143;1,2605;-0,6003;-0,0577;-0,3527;-0,0325;-0,1798;-0,6974;-0,0568;0,3476;0,3951;-9e-04;-0,0784;-0,0023;0,2817
"constituição_federal";-0,0837;-0,3899;-0,1632;-0,2058;-0,7434;5,6753;-0,1039;-0,2329;-0,0585;0,2795;-0,3117;-0,1022;-0,4664;-0,7199;-0,0017;-0,1411;-0,0042;-0,2012
"colega";5,3508;-0,5201;0,4044;-0,2744;1,7523;-0,4144;-0,1386;-0,8472;-0,078;0,2007;-0,5417;-0,1363;-0,6221;-0,7603;-0,0022;-0,1882;-0,0056;1,0597
"povo";-0,2749;0,8017;-0,1836;-0,6759;1,0836;-0,2995;0,2642;0,5072;-0,1921;-0,2444;-1,3022;-0,3357;-0,2578;0,4542;-0,0055;0,546;-0,0137;-0,2311
"coisa";-0,0558;0,9476;0,6546;-0,1371;-0,4954;0,3272;-0,0692;-0,4233;-0,039;-0,2157;-0,837;-0,0681;0,2914;0,9482;-0,0011;-0,094;-0,0028;0,2303
"presença";-0,093;-0,4333;-0,1813;-0,2287;0,2576;0,5973;-0,1154;0,3284;-0,065;-0,3597;1,1936;-0,1136;-0,5183;0,3136;-0,0018;-0,1568;-0,0046;-0,2384
"assunto";-0,0744;-0,3466;-0,145;-0,1829;-0,2462;0,4665;-0,0923;1,5041;-0,052;0,8683;-0,5375;-0,0908;-0,4145;0,2955;-0,0015;-0,1254;-0,0037;-0,1659
"sempre";-0,0976;1,1008;-0,1904;-0,2401;0,2369;1,8802;-0,1212;-0,7412;-0,0682;-0,3777;0,4203;-0,1193;-0,5442;-0,5745;-0,0019;-0,1646;-0,0049;0,3493
"rural";-0,1722;2,7517;-0,3357;-0,4234;-1,5296;-2,2244;-0,2138;0,2524;-0,1203;0,7256;-2,5844;-0,2103;-0,9597;5,1422;-0,0034;-0,2903;-0,0086;0,3037
