"";"classe 1";"classe 2";"classe 3";"classe 4";"classe 5"
"querer";0,722;0,123;0,349;0,002;0,002
"estado";0,016;0;0;0,044;0
"dizer";0;0,03;0,326;0,892;0
"falar";0,67;0,413;0;0,018;0,003
"parlamentar";0;0,13;0,799;0,051;0,001
"público";0;0,404;0;0,418;0,001
"importante";0,181;0,228;0,001;0,99;0
"palavra";0,004;0,001;0;0,001;0
"precisar";0,951;0,175;0;0,308;0,002
"cidade";0;0;0,535;0,76;0,001
"brasileiro";0,901;0,024;0;0,964;0
"programa";0;0;0,636;0,114;0,007
"crime";0;0,758;0,001;0,001;0,001
"prisão";0;0,002;0;0,007;0,001
"dar";0,138;0,617;0,115;0,248;0,003
"vir";0,332;0,002;0,684;0,27;0,001
"projeto";0,009;0,052;0,005;0,308;0,002
"governo";0;0,001;0;0,014;0,009
"votar";0;0,205;0,016;0,003;0,002
"rio_de_janeiro";0,4;0;0,004;0,251;0,169
"país";0,072;0,035;0;0,12;0,001
"grande";0;0,823;0,034;0;0,001
"ouvir";0,003;0,524;0,065;0,014;0
"tribuna";0,001;0,226;0,168;0,005;0
"pedir";0,136;0,08;0,664;0,687;0,844
"minuto";0,048;0,014;0,023;0,013;0
"ano";0,4;0,005;0,014;0,114;0,002
"saber";0,25;0,318;0,007;0,3;0,011
"dia";0,432;0,916;0,05;0,88;0,003
"lei";0,034;0,009;0;0,093;0,006
"justiça";0;0,006;0,105;0,006;0,003
"ver";0,432;0,733;0,002;0,054;0,003
"trabalho";0,01;0,089;0,001;0;0,005
"brazão";0;0,01;0;0,01;0,176
"momento";0,178;0,483;0,3;0,838;0,02
"caso";0;0,012;0,26;0,011;0,026
"obrigar";0,052;0,078;0,014;0;0,06
"decisão";0;0,828;0,822;0,019;0,013
"comunicação";0,002;0,83;0,093;0,224;0,736
"vez";0,851;0,57;0,019;0,636;0,009
"tratar";0;0,445;0,819;0,423;0,005
"família";0,031;0,007;0,664;0,002;0,01
"rural";0,002;0;0,811;0,03;0,022
"população";0,055;0;0,229;0,021;0,015
"preso";0;0,035;0,013;0,033;0,025
"constituição";0;0,023;0,021;0,021;0,015
"pronunciamento";0,284;0,396;0,966;0,597;0,365
"ministro";0;0,707;0,915;0,12;0,025
"ficar";0,314;0,116;0,902;0,012;0,009
"divulgar";0,49;0,765;0,472;0,337;0,311
"servidor";0,004;0,158;0;0,81;0,032
"plenário";0;0,081;0,321;0,215;0,055
"passar";0,295;0,5;0;0,076;0,37
"minha_casa_minha_vida";0,007;0;0,007;0,053;0,041
"marielle";0;0,025;0,002;0,024;0,017
"maior";0,164;0,008;0,026;0,239;0,017
"estar";0,257;0,226;0,446;0,155;0,015
"acontecer";0,086;0,546;0,007;0,024;0,017
"continuar";0,022;0,457;0,053;0,019;0,048
"voto";0;0,035;0,127;0,327;0,025
"representar";0,954;0,028;0,089;0;0,07
"prefeito";0,012;0;0,127;0,002;0,025
"dever";0;0,341;0,127;0,12;0,025
"chique";0;0,025;0,002;0,024;0,41
"direito";0,084;0,177;0,022;0,169;0,036
"comissão";0,373;0,158;0;0,81;0,032
"parabéns";0,015;0,376;0,056;0;0,028
"nacional";0,14;0,376;0,004;0,745;0,028
"meio";0,532;0,005;0,919;0,556;0,131
"líder";0,459;0,113;0,038;0,03;0
"entidade";0,007;0;0,007;0,053;0,041
"atender";0,189;0;0,919;0,556;0,131
"trabalhador";0,042;0,249;0;0,606;0,052
"próximo";0,14;0,769;0,056;0,362;0
"bom";0,14;0,377;0,641;0;0,028
"ação";0,779;0,911;0,011;0,627;0,022
"vida";0,061;0,694;0;0,81;0,032
"são_paulo";0,004;0;0,182;0,151;0,674
"forma";0,04;0,418;0,523;0,81;0,032
"colega";0,075;0,049;0;0,446;0,358
"voz_do_brasil";0,229;0,585;0,025;0,391;0,365
"votação";0;0,078;0,057;0,075;0,564
"respeito";0,164;0,055;0,146;0,57;0,041
"mandato";0,342;0,249;0,147;0;0,052
"luta";0,042;0,249;0,018;0,005;0,052
"srs";0,002;0,694;0,885;0,042;0,032
"parlamento";0,468;0,049;0,082;0;0,036
"democracia";0;0,098;0,948;0,342;0,077
"conceder";0,928;0,044;0,005;0,042;0
"serviço";0,034;0,222;0;0,547;0,046
"senhor";0,321;0,426;0,031;0,021;0,1
"rio_grande_do_sul";0,005;0,266;0,217;0,645;0,001
"política";0,245;0,602;0,064;0,624;0,077
"governador";0,08;0,098;0;0,342;0,077
"entender";0;0,177;0,025;0,446;0,036
"deus";0,015;0,087;0,931;0;0,068
"conselho";0,226;0,069;0,205;0,422;0,052
"vereador";0,226;0,249;0,011;0;0,052
"segurança";0,245;0,602;0;0,095;0,077
"real";0,029;0;0,299;0,12;0,1
"presença";0,112;0,222;0,121;0;0,046
"presente";0,005;0,249;0,364;0,422;0,052
"pedido";0,476;0,83;0,453;0,816;0,199
"empresa";0,019;0;0,509;0,095;0,077
"criminoso";0;0,062;0,121;0,213;0,046
"chegar";0,091;0,062;0,049;0,053;0,813
"chamar";0,287;0,222;0,031;0,213;0,271
"aprovar";0,502;0,069;0,205;0,144;0,052
"supremo_tribunal_federal";0;0,078;0,014;0,075;0,06
"registrar";0,896;0,249;0,716;0,001;0,052
"processo";0;0,069;0,046;0,24;0,052
"esperar";0;0,098;0,948;0,095;0,077
"contar";0,59;0,565;0,57;0,049;0,169
"claro";0;0,624;0,364;0,066;0,052
"usar";0,778;0,099;0,431;0,27;0,939
"unidade";0,045;0;0,199;0,153;0,131
"saúde";0,029;0,426;0;0,435;0,1
"questão";0,08;0,069;0,004;0,066;0,052
"preciso";0,481;0,313;0,005;0,741;0,249
"parecer";0;0,098;0,261;0,095;0,077
"mundo";0,402;0,279;0,147;0,801;0,06
"minas_gerais";0,024;0,396;0,698;0,106;0
"levar";0,406;0,334;0,045;0,67;0,06
"hora";0,009;0,396;0,698;0,902;0,088
"gostar";0,16;0,396;0,4;0,902;0,088
"federal";0,984;0,352;0,064;0,624;0,077
"favor";0,001;0,087;0,07;0,078;0,068
"defender";0,659;0,071;0,624;0,303;0,068
"debate";0,001;0,11;0,82;0,385;0,088
"câmara_dos_deputados";0,164;0,078;0,431;0,003;0,06
"constituição_federal";0;0,087;0,215;0,084;0,068
"colocar";0,311;0,76;0,101;0,303;0,068
"bahia";0,015;0,691;0,101;0,084;0,027
"art";0;0,078;0,057;0,075;0,06
"apresentar";0,099;0,11;0;0,533;0,088
"amazona";0,036;0;0,161;0,136;0,422
"órgão";0,229;0,001;0,235;0,597;0,365
"viver";0,362;0,447;0,021;0,444;0,1
"polícia";0,017;0,352;0,21;0,095;0,077
"pagar";0,245;0,352;0;0,095;0,077
"município";0,019;0,001;0,064;0,342;0,077
"milícia";0,001;0,888;0,46;0,136;0,115
"manutenção";0;0,087;0,017;0,084;0,068
"deixar";0,784;0,689;0,147;0,352;0,06
"bandido";0;0,157;0,555;0,153;0,131
"autista";0,036;0,139;0,039;0;0,115
"audiência";0,782;0,986;0,021;0,435;0,1
"atenção";0,003;0,352;0,509;0,095;0,077
"área";0,099;0,031;0,038;0,385;0,088
"possível";0,113;0,071;0,508;0,303;0,068
"olhar";0,245;0,602;0,064;0,818;0,284
"mostrar";0,229;0,098;0,015;0,342;0,077
"moradia";0,056;0;0,247;0,174;0,15
"manter";0;0,087;0,624;0,084;0,068
"liberdade";0;0,447;0,13;0,994;0,1
"instituição";0,427;0,11;0,001;0,106;0,088
"flagrante";0;0,098;0,021;0,095;0,077
"assunto";0,073;0,602;0,948;0,342;0,077
"trazer";0,668;0,922;0,001;0,106;0,088
"situação";0,855;0,396;0,007;0,385;0,088
"sessão";0;0,098;0,086;0,624;0,077
"relação";0,006;0,73;0,798;0,197;0,173
"querido";0,036;0,504;0,161;0;0,978
"passado";0,019;0,001;0,064;0,342;0,077
"paraná";0,036;0,341;0,039;0,907;0
"parabenizar";0,099;0,16;0,007;0,385;0,088
"oportunidade";0,541;0,602;0,596;0,226;0,077
"ocorrer";0,073;0,352;0,064;0,095;0,077
"nome";0,024;0,115;0,031;0,994;0,1
"matéria";0,009;0,922;0,82;0,106;0,088
"lembrar";0,91;0,888;0,46;0,011;0,115
"gerar";0,045;0;0,427;0,153;0,131
"considerar";0;0,396;0,106;0,106;0,088
"seguir";0,006;0,201;0,308;0,573;0,173
"santa_catarina";0,071;0,201;0,203;0,573;0,188
"sair";0,585;0,888;0,21;0,136;0,422
"respeitar";0;0,569;0,199;0,153;0,131
"resolução";0,15;0,157;0,029;0,153;0,131
"renda";0,036;0;0,556;0,136;0,115
"próprio";0,16;0,513;0,82;0,106;0,324
"orientar";0,298;0,11;0,026;0,106;0
"organizado";0,362;0;0,382;0,12;0,1
"lado";0,045;0,005;0,199;0,054;0,484
"honra";0,024;0,11;0,698;0;0,324
"existir";0,427;0,922;0,038;0,106;0,088
"exemplo";0,439;0,504;0,01;0,907;0,115
"especial";0,721;0,447;0,094;0,994;0,1
"caixa_econômica";0,045;0,569;0;0,153;0,131
"termo";0;0,986;0,382;0,12;0,1
"social";0,088;0;0,093;0,083;0,199
"policial";0,637;0,73;0,041;0,197;0,173
"ministério";0,91;0,504;0,055;0,907;0,115
"mesa";0,642;0,178;0,081;0,69;0,555
"lutar";0,152;0,504;0,001;0,907;0,115
"legislativo";0,228;0,139;0,21;0,907;0,115
"junto";0,056;0,178;0,667;0;0,15
"imunidade";0;0,201;0,074;0,197;0,173
"fato";0,004;0,447;0,688;0,12;0,1
"estadual";0,122;0,124;0,021;0,021;0,1
"educação";0,056;0,178;0,768;0;0,15
"criar";0,362;0,986;0;0,12;0,1
"apoio";0,029;0,124;0;0,994;0,1
"anunciar";0,036;0;0,21;0,136;0,115
"animal";0,141;0,298;0;0,293;0,267
"acabar";0,362;0,986;0,021;0,994;0,1
"último";0,532;0,157;0,004;0,556;0,484
"voltar";0,532;0,782;0,427;0,802;0,484
"transporte";0,056;0;0,667;0,631;0,15
"trabalhar";0,189;0,782;0,427;0,054;0,131
"sras";0,012;0,888;0,941;0,136;0,115
"sociedade";0,062;0,139;0,941;0,357;0,115
"resposta";0;0,201;0,074;0,197;0,173
"representante";0,056;0,671;0,081;0,201;0,15
"realizar";0,236;0,644;0;0,174;0,15
"polícia_federal";0,002;0,671;0,247;0,174;0,15
"movimento";0,088;0,006;0,952;0,453;0,199
"morte";0,033;0,782;0,919;0,153;0,131
"mato_grosso";0,797;0,002;0,06;0,631;0,555
"judicial";0;0,157;0,199;0,556;0,131
"investigação";0;0,139;0,039;0,136;0,115
"hediondo";0;0,157;0,048;0,153;0,131
"habitacional";0,088;0;0,093;0,224;0,199
"exa";0,045;0,157;0,199;0,556;0
"eminente";0,036;0,139;0,039;0,491;0
"droga";0,129;0,438;0,952;0,224;0,199
"deputado_federal";0,15;0,157;0,919;0,275;0,131
"defesa";0,637;0,73;0,203;0,717;0,173
"coisa";0,773;0,014;0,074;0,136;0,173
"ato";0;0,26;0,116;0,931;0,23
"assassinato";0;0,157;0,048;0,153;0,131
"amigo";0,642;0,178;0,307;0,031;0,15
"agradecer";0,532;0,157;0,919;0;0,131
"urbano";0,088;0;0,952;0,224;0,199
"tomar";0,452;0,157;0,029;0,556;0,131
"supremo";0;0,201;0,074;0,197;0,173
"soltar";0;0,201;0,074;0,197;0,173
"solicitar";0,113;0,462;0,304;0,458;0,449
"prerrogativa";0;0,201;0,308;0,197;0,173
"possibilidade";0,089;0,178;0,081;0,174;0,15
"político";0,532;0,262;0,427;0,556;0,484
"passo";0,773;0,556;0,798;0,136;0,173
"papel";0,797;0,178;0,013;0,631;0,15
"operação";0,369;0;0,384;0,224;0,199
"necessário";0,033;0,569;0,919;0,556;0,131
"microfone";0,045;0,157;0,048;0,556;0
"liberar";0,02;0,229;0,453;0,224;0,199
"juiz";0;0,229;0,093;0,224;0,199
"inafiançável";0;0,178;0,06;0,174;0,15
"importância";0,532;0,569;0,004;0,556;0,131
"grave";0,189;0;0,555;0,153;0,131
"garantir";0,797;0,644;0,081;0,631;0,15
"feira";0,056;0,178;0;0,174;0,15
"emprego";0,088;0;0,384;0,224;0,199
"desenvolvimento";0,088;0,078;0,018;0,224;0,199
"cumprir";0,328;0,644;0,081;0,174;0,15
"criação";0,071;0,201;0;0,197;0,173
"conseguir";0,949;0,782;0,137;0,556;0,131
"concluir";0,129;0,83;0,453;0,224;0,199
"certeza";0,949;0,569;0,029;0,556;0,131
"cautelar";0;0,157;0,048;0,153;0,131
"br";0,179;0,765;0,006;0,337;0,311
"aprovação";0,046;0,201;0,611;0,717;0,173
"aparte";0,045;0,157;0,048;0,153;0
"agricultura";0,056;0,644;0;0,174;0,15
"achar";0,056;0,671;0,667;0;0,15
"zona";0,179;0;0,184;0,337;0,311
"tema";0,236;0,644;0,001;0,631;0,15
"silvestre";0,111;0,26;0;0,256;0,23
"sentido";0,089;0,178;0,307;0,631;0,15
"semana";0,236;0,19;0,013;0,174;0,15
"responsabilidade";0,743;0,765;0,761;0,128;0,311
"reconhecer";0,294;0,201;0,798;0;0,173
"presidência";0,089;0,178;0,06;0,002;0,15
"potássio";0,088;0;0,093;0,224;0,199
"popular";0,797;0;0,06;0,631;0,15
"permitir";0,926;0,229;0,453;0,816;0,542
"perder";0,642;0,178;0,001;0,631;0,15
"obra";0,111;0;0,116;0,256;0,23
"mínimo";0,322;0,323;0,873;0,256;0,23
"manifestação";0,236;0,178;0,667;0,002;0,796
"jaboatão";0,111;0,26;0;0,931;0,23
"investimento";0,088;0;0,952;0,224;0,199
"inteiro";0,328;0,178;0,307;0,69;0,15
"inclusão";0,369;0,229;0,952;0;0,199
"imprensa";0,7;0;0,146;0,293;0,267
"guarda";0,141;0,298;0;0,293;0,267
"garantia";0,046;0,201;0,611;0,717;0,173
"fundamental";0,328;0,644;0,307;0,631;0,15
"frente";0,236;0,671;0,013;0,631;0,15
"enfermagem";0,141;0,298;0;0,293;0,267
"economia";0,294;0,128;0,041;0,197;0,173
"discutir";0,089;0,644;0,307;0,174;0,15
"devido";0,02;0,229;0,952;0,816;0,199
"defensoria_pública";0,141;0,921;0,001;0,293;0,267
"cuidar";0,088;0,229;0;0,816;0,199
"construir";0,088;0;0,093;0,224;0,199
"compromisso";0,369;0,006;0,384;0,816;0,736
"comissão_de_constituição_e_justiça";0;0,201;0,074;0,197;0,173
"civil";0;0,201;0,798;0,197;0,173
"cadeia";0,294;0,014;0,203;0,197;0,173
"assumir";0,294;0,128;0,611;0,573;0,173
"anderson";0;0,178;0,06;0,174;0,15
"acusar";0,328;0;0,06;0,174;0,15
"vista";0,218;0,128;0,798;0,197;0,173
"valer";0,7;0,298;0,146;0;0,267
"sério";0,637;0,128;0,308;0,573;0,173
"sul";0,111;0;0,116;0,256;0,23
"stf";0,02;0,229;0,453;0,224;0,199
"seguinte";0;0,229;0,093;0,224;0,199
"saudar";0,071;0,556;0,308;0;0,173
"rodovia";0,111;0,26;0;0,256;0,23
"rio_grande_do_norte";0,948;0,585;0,966;0,391;0,667
"região";0,071;0,014;0,308;0,016;0,173
"registro";0,369;0,229;0,384;0;0,199
"razão";0,002;0,83;0,384;0,224;0,199
"punir";0,002;0,83;0,384;0,224;0,199
"produtor";0,088;0,83;0;0,224;0,199
"preventivo";0;0,229;0,093;0,224;0,199
"piso";0,088;0,229;0;0,224;0,199
"partido";0,637;0,201;0,203;0,197;0,672
"organização";0,002;0,229;0,952;0,224;0,199
"obstrução";0;0,26;0,116;0,256;0,23
"número";0,111;0,323;0,058;0,256;0,85
"municipal";0,088;0,83;0;0,224;0,199
"mandante";0;0,201;0,074;0,197;0,173
"lugar";0,464;0,26;0,873;0,044;0,85
"jovem";0,071;0,201;0,041;0,016;0,173
"inscrição";0,071;0,201;0,074;0,197;0
"idade";0,743;0,765;0,472;0,778;0,311
"homem";0,088;0,006;0,952;0,453;0,199
"feliz";0,071;0,201;0,308;0;0,173
"espírito_santo";0,141;0,298;0,001;0,293;0,985
"equipa";0,369;0,438;0,119;0,816;0,199
"enfrentar";0,464;0,945;0,006;0,256;0,23
"discussão";0;0,26;0,48;0,256;0,23
"dignidade";0,071;0;0,308;0,197;0,173
"congresso_nacional";0,218;0,201;0,308;0,016;0,173
"condição";0,926;0,229;0,018;0,816;0,199
"cidadania";0;0,201;0,074;0,717;0,173
"carinho";0,088;0,229;0,952;0;0,199
"autoridade";0,898;0,26;0,116;0;0,23
"acordo";0,898;0,26;0,058;0,256;0,85
"vitória";0,7;0,298;0,022;0,293;0,267
"uso";0,111;0,26;0,873;0,931;0,004
"técnico";0,369;0,229;0;0,224;0,199
"tornar";0,7;0,921;0,177;0,293;0,267
"subsidiário";0,179;0,342;0;0,337;0,311
"sofrer";0,111;0,945;0,305;0,044;0,23
"seguida";0,369;0,229;0,093;0,816;0
"reunião";0;0,26;0,116;0,256;0,85
"relator";0;0,229;0,384;0,224;0,199
"receber";0,111;0,323;0,873;0,044;0,23
"proteger";0,02;0,229;0,453;0,224;0,199
"produzir";0,088;0,438;0,018;0,816;0,199
"principal";0,088;0;0,952;0,224;0,199
"praticar";0,02;0,83;0,952;0,224;0,199
"ponto";0,088;0;0,952;0,224;0,199
"pensar";0,926;0,078;0,453;0,224;0,199
"partir";0,369;0,83;0,018;0,224;0,736
"paraíba";0,179;0,765;0,081;0,778;0,311
"necessidade";0,369;0,006;0,453;0,224;0,199
"mão";0,898;0;0,116;0,256;0,23
"mudar";0,111;0,041;0,305;0,931;0,23
"milhar";0,179;0,342;0;0,337;0,311
"medida";0;0,83;0,093;0,224;0,199
"longo";0,007;0,945;0,48;0,256;0,23
"jogo";0,586;0,298;0,001;0,293;0,267
"irmão";0,476;0,229;0,093;0;0,199
"história";0,476;0,83;0,119;0,224;0,199
"grupo";0,322;0,945;0,873;0,931;0,23
"gestão";0,369;0,438;0,453;0,453;0,199
"falta";0,111;0,323;0,058;0,931;0,23
"espaço";0,926;0,83;0,952;0,083;0,199
"dúvida";0,476;0,83;0,453;0,816;0,199
"dono";0,898;0,323;0,873;0,931;0,23
"discurso";0,006;0,342;0,184;0,778;0,311
"dirigir";0,088;0,83;0,384;0,224;0
"dinheiro";0,088;0,438;0,018;0,816;0,199
"crise";0,111;0,945;0;0,256;0,23
"constitucional";0,002;0,921;0,146;0,293;0,267
"conquista";0,141;0,921;0,001;0,293;0,267
"conhecer";0,088;0,229;0,952;0;0,199
"cobrar";0,464;0,26;0;0,256;0,23
"chamado";0,898;0,945;0,305;0,931;0,23
"certo";0,464;0,26;0,006;0,931;0,23
"categoria";0,141;0,298;0;0,293;0,267
"caro";0,7;0,921;0,177;0,293;0,267
"bancada";0,002;0,229;0,093;0,224;0,542
"atendimento";0,088;0,83;0,001;0,816;0,199
"associação";0,111;0,323;0,006;0,256;0,23
"anúncio";0,111;0,002;0,305;0,256;0,23
"alexandre_de_moraes";0;0,26;0,116;0,256;0,23
"agente";0,088;0,229;0;0,816;0,199
"acompanhar";0,464;0,945;0,873;0,044;0,23
"acidente";0,179;0,342;0;0,337;0,311
"abril";0,111;0,26;0,305;0,002;0,23
"universidade";0,141;0,298;0,177;0,019;0,267
"unanimidade";0,007;0,26;0,48;0,931;0,23
"turma";0;0,26;0,116;0,256;0,23
"torno";0,322;0,041;0,48;0,256;0,23
"terreno";0,229;0,052;0,966;0,597;0,365
"tender";0,007;0,945;0,116;0,931;0,23
"solução";0,111;0,945;0;0,256;0,23
"servir";0,322;0,26;0,873;0,335;0,23
"resultado";0,007;0,26;0,873;0,256;0,23
"respeitado";0,898;0,26;0,48;0,002;0,23
"recurso";0,141;0,298;0,177;0,019;0,267
"proteção";0,111;0,26;0,873;0;0,23
"problema";0,141;0;0,603;0,935;0,267
"prestar";0,111;0,26;0,058;0,044;0,23
"presidir";0,111;0,945;0,873;0,002;0,23
"parlamento_federal";0,179;0,342;0,184;0;0,311
"ordem";0;0,298;0,146;0,293;0,267
"ocupar";0,464;0,323;0,116;0,335;0,411
"ocupacional";0,179;0,342;0;0,337;0,311
"norte";0,141;0;0,146;0,224;0,267
"nobre";0,179;0,342;0,081;0,128;0,311
"nação";0,586;0,298;0,022;0,935;0,267
"mês";0,111;0,945;0,305;0,044;0,23
"médio";0,7;0,215;0,678;0,293;0,267
"missão";0,111;0,945;0,48;0,002;0,85
"mesmo";0,743;0,342;0,081;0,778;0,311
"merecer";0,743;0,342;0,081;0,778;0,311
"membro";0;0,298;0,146;0,293;0,267
"melhorar";0,464;0,26;0,006;0,931;0,23
"maranhão";0,179;0;0,184;0,337;0,311
"ligação";0,111;0;0,116;0,256;0,23
"liberdade_de_expressão";0,064;0,26;0,873;0,931;0,23
"legal";0;0,298;0,146;0,293;0,267
"justo";0,464;0,26;0,058;0,335;0,23
"judiciário";0,007;0,26;0,873;0,256;0,23
"interesse";0,49;0,342;0,081;0,337;0,311
"guerreiro";0,298;0,013;0,304;0,391;0,433
"fronteira";0,284;0,396;0,966;0,597;0,365
"final";0,464;0,945;0,058;0,256;0,85
"expor";0,006;0,342;0,761;0,337;0,311
"executar";0,284;0,585;0,966;0,391;0,365
"estabelecer";0,464;0,26;0;0,256;0,23
"esposo";0,141;0,298;0,177;0,019;0,267
"entendimento";0;0,26;0,116;0,256;0,23
"energia";0,141;0;0,678;0,293;0,267
"eleger";0,586;0,921;0,603;0,019;0,267
"efeito";0;0,26;0,116;0,256;0,23
"documento";0,948;0,396;0,235;0,001;0,365
"direto";0,7;0;0,146;0,293;0,267
"deficiência";0,141;0,298;0,678;0;0,267
"defensoria";0,229;0,396;0,001;0,391;0,365
"dedicar";0,111;0,26;0,006;0,335;0,23
"decidir";0,002;0,298;0,603;0,293;0,267
"conta";0,322;0,945;0,873;0,931;0,23
"chuva";0,141;0,017;0,177;0,293;0,267
"carteira";0,229;0,396;0,235;0;0,365
"campo";0,141;0,215;0,177;0,935;0,267
"caixa";0,179;0,342;0;0,337;0,311
"banco";0,179;0,765;0,006;0,337;0,311
"avenida";0,111;0;0,116;0,931;0,23
"atitude";0,586;0,298;0,177;0,224;0,267
"alegria";0,111;0,945;0,48;0;0,23
"agronegócio";0,179;0,765;0,006;0,337;0,311
"absurdo";0,743;0,765;0,472;0,778;0,311
"ônibus";0,179;0;0,761;0,337;0,311
"total";0,179;0,005;0,472;0,337;0,311
"setor";0,743;0,342;0,006;0,337;0,311
"senado";0,948;0,396;0,025;0,391;0,365
"salário";0,229;0,052;0,271;0,391;0,365
"salvador";0,179;0,005;0,472;0,337;0,311
"rápido";0,7;0,921;0,678;0,293;0,985
"risco";0,586;0,298;0,022;0,935;0,267
"requisito";0;0,342;0,184;0,337;0,311
"república";0,189;0,215;0,603;0,293;0,267
"reforma";0,229;0,396;0,001;0,391;0,365
"quatro";0,586;0,921;0,177;0,935;0,267
"pássaro";0,229;0,396;0,001;0,391;0,365
"presidente_da_república";0,179;0;0,184;0,337;0,311
"posto";0,7;0,298;0,022;0,293;0,267
"piauí";0,179;0,342;0,184;0,337;0
"oficial";0,743;0,342;0,184;0;0,311
"obstruir";0;0,298;0,146;0,293;0,267
"notícia";0,141;0,017;0,177;0,293;0,267
"mãe";0,229;0,052;0,235;0,055;0,365
"mulher";0,49;0,765;0,761;0,778;0,311
"modalidade";0,743;0;0,184;0,337;0,311
"mina";0,141;0,017;0,177;0,293;0,267
"melhor";0,586;0,215;0,678;0,935;0,267
"manifestar";0,7;0,298;0,022;0,293;0,267
"mandar";0,002;0,298;0,603;0,293;0,267
"magistrado";0,786;0,462;0,107;0,458;0,433
"loteria";0,179;0,342;0;0,337;0,311
"legislação";0,586;0,921;0,177;0,935;0,267
"lançar";0,229;0;0,235;0,391;0,365
"julgar";0;0,342;0,184;0,337;0,311
"jerônimo";0,179;0,342;0;0,337;0,311
"inscrever";0,586;0,298;0,146;0,293;0
"indicar";0;0,342;0,184;0,337;0,311
"hospital";0,189;0,298;0,603;0,224;0,267
"habitação";0,179;0;0,184;0,337;0,311
"governo_federal";0,141;0,298;0,001;0,935;0,267
"geral";0,586;0,298;0,022;0,935;0,267
"gente";0,141;0,298;0,022;0,224;0,267
"gaúcho";0,141;0,921;0,678;0,019;0,267
"federação";0,7;0,298;0,603;0,293;0,03
"extremo";0,088;0,342;0,472;0,337;0,311
"executivo";0,948;0,396;0,025;0,391;0,365
"ex";0,088;0,342;0,761;0,778;0,311
"encerrar";0;0,298;0,146;0,293;0,267
"diferente";0,586;0,298;0,001;0,293;0,267
"determinar";0;0,298;0,146;0,293;0,267
"custódia";0,006;0,342;0,184;0,778;0,311
"cuidado";0,141;0,921;0,001;0,293;0,267
"criticar";0,948;0,052;0,235;0,597;0,365
"contrato";0,141;0,017;0,177;0,293;0,267
"construção";0,49;0,122;0,761;0,337;0,311
"comunidade";0,229;0,052;0,966;0,597;0,365
"compreender";0,743;0,765;0,761;0,128;0,311
"começar";0,179;0,765;0,006;0,337;0,311
"cometer";0,002;0,921;0,146;0,293;0,267
"citar";0,179;0;0,184;0,337;0,311
"cidadão";0,179;0,342;0,006;0,778;0,311
"casa";0,948;0,001;0,235;0,391;0,365
"buscar";0,141;0,921;0,678;0,019;0,267
"breve";0,229;0,585;0,966;0,055;0,365
"brasília";0,141;0,298;0,603;0;0,267
"bloco";0,743;0,342;0,184;0,337;0
"autazes";0,229;0;0,235;0,391;0,365
"atual";0,7;0,017;0,603;0,293;0,267
"atividade";0,586;0,921;0,022;0,293;0,267
"atingir";0,006;0,765;0,184;0,337;0,311
"atacar";0,229;0,585;0,025;0,391;0,365
"argentino";0,229;0,396;0,235;0;0,365
"anápolis";0,229;0,396;0,966;0,001;0,365
"ambiental";0,141;0;0,603;0,293;0,267
"agricultor";0,141;0,298;0;0,293;0,267
"advogado";0,7;0,298;0,603;0,293;0,03
"acolhimento";0,179;0,342;0,184;0;0,311
"acesso";0,786;0,381;0,77;0,458;0,433
"visitar";0,179;0,765;0,184;0;0,311
"visita";0,179;0,765;0,761;0,006;0,311
"vaga";0,229;0,052;0,235;0,055;0,365
"tribunal";0,006;0,342;0,761;0,337;0,311
"transferência";0,298;0,462;0,003;0,458;0,433
"tetê";0,298;0,462;0,107;0,391;0,433
"sujeito";0,088;0,342;0,761;0,778;0,311
"soltura";0,001;0,396;0,235;0,391;0,365
"silvana";0,229;0,396;0,235;0;0,365
"significativo";0,229;0,001;0,235;0,597;0,365
"senador";0,027;0,396;0,966;0,391;0,365
"secretário";0,948;0,396;0,966;0,055;0,365
"salarial";0,179;0,765;0,006;0,337;0,311
"rua";0,179;0,765;0,472;0,128;0,311
"rio";0,179;0,765;0,761;0,006;0,311
"rezar";0,027;0,396;0,966;0,391;0,365
"retomada";0,229;0,001;0,966;0,391;0,365
"responder";0,027;0,585;0,235;0,391;0,365
"relatório";0,006;0,342;0,184;0,778;0,311
"regra";0,49;0,342;0,472;0,778;0,311
"regimental";0,49;0,342;0,184;0,337;0,01
"rato";0,229;0,396;0,235;0;0,365
"qualidade";0,229;0,585;0,271;0,597;0,365
"providência";0,284;0,396;0,271;0,391;0,365
"proagro";0,229;0,396;0,001;0,391;0,365
"preservação";0,088;0,342;0,472;0,337;0,311
"preservar";0,786;0,462;0,107;0,458;0,433
"prejudicar";0,49;0,342;0,081;0,337;0,311
"prefeitura";0,179;0;0,184;0,337;0,311
"prazo";0,743;0,342;0,761;0,337;0,01
"porto";0,743;0,122;0,184;0,128;0,311
"pior";0,743;0,122;0,472;0,337;0,311
"pessoal";0,001;0,396;0,235;0,391;0,365
"persistir";0,948;0,585;0,271;0,391;0,365
"pernambuco";0,229;0,396;0,966;0,391;0,002
"pequeno";0,743;0,342;0,006;0,337;0,311
"penal";0,006;0,342;0,761;0,337;0,311
"pena";0,786;0,462;0,77;0,391;0,433
"pcc";0,179;0;0,184;0,337;0,311
"participação";0,743;0,005;0,761;0,337;0,311
"orientação";0,179;0,342;0,184;0,337;0
"oposição";0,229;0,585;0,271;0,597;0,365
"opinião";0,088;0,765;0,761;0,337;0,311
"mídia";0,786;0,381;0,77;0,458;0,433
"musk";0,743;0,005;0,761;0,337;0,311
"monetário";0,298;0,462;0,003;0,458;0,433
"micareta";0,298;0,462;0,003;0,458;0,433
"memória";0,49;0,765;0,761;0,778;0,311
"melles";0,786;0,462;0,304;0,014;0,433
"medo";0,001;0,396;0,235;0,391;0,365
"matar";0,001;0,396;0,235;0,391;0,365
"ler";0,006;0,342;0,184;0,778;0,311
"leleco";0,229;0,052;0,235;0,055;0,365
"leitura";0;0,342;0,184;0,337;0,311
"inúmero";0,179;0,765;0,081;0,778;0,311
"internet";0,298;0,381;0,107;0,458;0,433
"instituto";0,743;0,342;0,761;0,006;0,311
"inscrito";0,179;0,765;0,184;0,337;0
"infra-estrutura";0,179;0,005;0,761;0,778;0,311
"informar";0,088;0,342;0,761;0,337;0,856
"inafiançabilidade";0;0,342;0,184;0,337;0,311
"importar";0,179;0;0,761;0,337;0,311
"honrado";0,179;0,342;0,761;0,778;0,01
"histórico";0,49;0,122;0,761;0,337;0,311
"geração";0,179;0,005;0,472;0,337;0,311
"fácil";0,027;0,585;0,235;0,391;0,365
"fundo";0,229;0,396;0,966;0,001;0,365
"extração";0,179;0;0,184;0,337;0,311
"espécie";0,298;0,462;0,003;0,458;0,433
"envolver";0,088;0,122;0,184;0,337;0,311
"ensino";0,179;0,765;0,006;0,337;0,311
"elon";0,743;0,005;0,761;0,337;0,311
"elemento";0,284;0,396;0,271;0,391;0,365
"eleito";0,786;0,013;0,304;0,458;0,433
"efetivo";0,743;0,122;0,472;0,337;0,311
"déficit";0,179;0;0,184;0,337;0,311
"diverso";0,49;0,342;0,081;0,337;0,311
"dito";0,027;0,396;0,966;0,391;0,365
"distrito";0,229;0,585;0,025;0,391;0,365
"digno";0,179;0,342;0,761;0,128;0,168
"destacar";0,49;0,765;0,472;0,337;0,311
"demanda";0,179;0,765;0,081;0,778;0,311
"delito";0,001;0,396;0,235;0,391;0,365
"cumprimentar";0,179;0,122;0,184;0,006;0,311
"criança";0,743;0,765;0,184;0,006;0,311
"conviver";0,284;0,396;0,966;0,597;0,365
"convidar";0,179;0,342;0,761;0;0,311
"contemplar";0,948;0,052;0,966;0,391;0,365
"conselheiro";0,088;0,342;0,761;0,778;0,311
"conscientização";0,179;0,342;0,184;0;0,311
"congresso";0,743;0,342;0,081;0,778;0,311
"concreto";0,088;0,342;0,472;0,337;0,311
"concessão";0,743;0,765;0,081;0,337;0,311
"censurar";0,786;0,381;0,77;0,458;0,433
"ccj";0;0,342;0,184;0,337;0,311
"catarinense";0,743;0,342;0,472;0,128;0,311
"cassação";0;0,342;0,184;0,337;0,311
"caminhar";0,743;0,122;0,761;0,778;0,311
"bonito";0,786;0,462;0,304;0,014;0,433
"bairro";0,179;0;0,761;0,337;0,311
"baiano";0,229;0,396;0,001;0,391;0,365
"autoria";0,179;0,342;0,472;0,006;0,311
"autor";0,948;0,396;0,025;0,391;0,365
"autismo";0,179;0,342;0,184;0;0,311
"atuação";0,088;0,342;0,472;0,337;0,311
"arroio";0,229;0,585;0,235;0,001;0,365
"análise";0,49;0,342;0,081;0,337;0,311
"anterior";0,743;0;0,184;0,337;0,311
"ajudar";0,179;0,005;0,761;0,778;0,311
"agrário";0,298;0,462;0,003;0,458;0,433
"acolher";0,743;0,342;0,184;0;0,311
"aceitar";0,179;0,342;0,006;0,778;0,311
"absoluto";0,001;0,396;0,235;0,391;0,365
"único";0,948;0,001;0,235;0,391;0,365
"ética";0,001;0,396;0,235;0,391;0,365
"época";0,948;0,052;0,966;0,391;0,365
"vulnerável";0,298;0,381;0,107;0,458;0,433
"vizinho";0,948;0,396;0,271;0,391;0,667
"violência";0,284;0,396;0,271;0,391;0,365
"vinda";0,229;0,396;0,966;0,001;0,365
"viabahia";0,229;0,396;0,001;0,391;0,365
"vender";0,948;0,585;0,271;0,391;0,365
"venda";0,298;0,381;0,107;0,458;0,433
"valorização";0,229;0,396;0,001;0,391;0,365
"transtorno";0,229;0,585;0,966;0,055;0,365
"traficante";0,001;0,396;0,235;0,391;0,365
"torneio";0,229;0,396;0,001;0,391;0,365
"território";0,786;0,381;0,77;0,458;0,433
"terapeuta";0,229;0,396;0,001;0,391;0,365
"solto";0,027;0,396;0,966;0,391;0,365
"soberania";0,001;0,396;0,235;0,391;0,365
"seriedade";0,001;0,396;0,235;0,391;0,365
"sentimento";0,948;0,396;0,271;0,597;0,365
"salvar";0,229;0,396;0,001;0,391;0,365
"safra";0,229;0,396;0,001;0,391;0,365
"rodoviário";0,229;0,396;0,001;0,391;0,365
"reunir";0,298;0,013;0,77;0,458;0,433
"responsável";0,284;0,052;0,235;0,391;0,365
"repúdio";0,229;0,585;0,966;0,055;0,365
"representação";0,948;0,396;0,235;0,001;0,365
"relativo";0,027;0,585;0,235;0,391;0,365
"relatar";0,284;0,396;0,966;0,597;0,365
"regularização";0,298;0;0,304;0,458;0,433
"referência";0,786;0,462;0,304;0,014;0,433
"realidade";0,948;0,396;0,271;0,597;0,365
"quórum";0,004;0,462;0,304;0,458;0,433
"prático";0,284;0,396;0,271;0,391;0,365
"profundo";0,004;0,462;0,304;0,458;0,433
"produção";0,298;0,381;0,107;0,458;0,433
"produtivo";0,229;0,052;0,271;0,391;0,365
"prioridade";0,229;0,396;0,001;0,391;0,365
"prever";0,948;0,585;0,271;0,391;0,365
"preocupação";0,948;0,396;0,025;0,391;0,365
"prejuízo";0,229;0,396;0,001;0,391;0,365
"precedente";0,001;0,396;0,235;0,391;0,365
"pobre";0,298;0,381;0,107;0,458;0,433
"plantão";0,027;0,396;0,966;0,391;0,365
"plantar";0,948;0,396;0,966;0,055;0,365
"plano";0,229;0,396;0,001;0,391;0,365
"perguntar";0,298;0,462;0,77;0,391;0,449
"pergunta";0,027;0,396;0,966;0,391;0,365
"paralisado";0,229;0;0,235;0,391;0,365
"parabenizá";0,298;0,462;0,77;0,014;0,433
"pagamento";0,298;0,462;0,003;0,458;0,433
"paes";0,229;0;0,235;0,391;0,365
"orçamento";0,298;0,462;0,003;0,458;0,433
"organizar";0,229;0,001;0,235;0,391;0,667
"oferecer";0,229;0,396;0,025;0,597;0,365
"menor";0,229;0,052;0,271;0,391;0,365
"maneira";0,027;0,396;0,235;0,597;0,365
"local";0,948;0,052;0,966;0,391;0,365
"listar";0,229;0,396;0,966;0,001;0,365
"linha";0,229;0;0,235;0,391;0,365
"liderança";0,786;0,462;0,304;0,391;0,449
"lamentável";0,284;0,396;0,966;0,597;0,365
"juventude";0,229;0,052;0,966;0,597;0,365
"justificar";0,113;0,381;0,304;0,458;0,433
"jeito";0,786;0,381;0,77;0,458;0,433
"irã";0,786;0,462;0,77;0,391;0,433
"instalação";0,229;0,052;0,271;0,391;0,365
"impacto";0,229;0,001;0,966;0,391;0,365
"identidade";0,298;0,462;0,304;0;0,433
"greve";0,229;0,396;0,001;0,391;0,365
"frase";0,298;0,381;0,77;0,391;0,433
"foro";0,113;0,462;0,77;0,458;0,433
"fisioterapeuta";0,229;0,396;0,001;0,391;0,365
"filho";0,229;0,396;0,966;0,001;0,365
"fiança";0,001;0,396;0,235;0,391;0,365
"favela";0,284;0,585;0,966;0,391;0,365
"familiar";0,948;0,396;0,025;0,391;0,365
"exposição";0,229;0,396;0,001;0,391;0,365
"exceção";0,948;0,585;0,966;0,597;0,365
"estacionamento";0,298;0,462;0,304;0;0,433
"essencial";0,948;0,585;0,966;0,597;0,365
"esperança";0,229;0,396;0,001;0,391;0,365
"espectro";0,229;0,396;0,235;0;0,365
"escolher";0,298;0,381;0,77;0,458;0,449
"escola";0,298;0,381;0,77;0,391;0,433
"erro";0,113;0,381;0,304;0,458;0,433
"equilíbrio";0,113;0,462;0,304;0,391;0,433
"envolvimento";0,001;0,396;0,235;0,391;0,365
"envolvido";0,113;0,462;0,77;0,458;0,433
"entrar";0,229;0,396;0,001;0,391;0,365
"engenharia";0,298;0,381;0,77;0,391;0,433
"emenda";0,948;0,396;0,235;0,001;0,365
"elétrico";0,229;0,001;0,966;0,391;0,365
"econômico";0,948;0,052;0,966;0,391;0,365
"dispor";0,298;0,381;0,77;0,391;0,433
"determinado";0,027;0,396;0,966;0,391;0,365
"descaso";0,229;0,001;0,966;0,391;0,365
"denunciar";0,027;0,396;0,966;0,391;0,365
"deliberativo";0,113;0,462;0,304;0,391;0,433
"delação";0,284;0,052;0,235;0,391;0,365
"defensor";0,298;0,462;0,77;0,014;0,433
"criminalidade";0,229;0,396;0,001;0,391;0,365
"crescer";0,948;0,585;0,271;0,391;0,365
"corrêa";0,229;0,396;0,235;0;0,365
"correto";0,948;0,396;0,025;0,391;0,365
"corpo";0,786;0,462;0,77;0,391;0,433
"consciência";0,027;0,585;0,235;0,391;0,365
"conjunto";0,284;0,396;0,271;0,391;0,365
"congressista";0,004;0,462;0,304;0,458;0,433
"cometido";0,027;0,396;0,966;0,391;0,365
"combater";0,948;0,585;0,966;0,597;0,365
"ceará";0,298;0,462;0,304;0,458;0
"causar";0,948;0,585;0,271;0,391;0,365
"carreira";0,786;0,462;0,107;0,458;0,433
"cara";0,284;0,585;0,235;0,597;0,365
"capacidade";0,229;0,052;0,966;0,597;0,365
"calar";0,001;0,396;0,235;0,391;0,365
"baixo";0,298;0;0,304;0,458;0,433
"avançar";0,948;0,585;0,271;0,391;0,365
"assassinar";0,001;0,396;0,235;0,391;0,365
"aproveitar";0,948;0,585;0,271;0,391;0,365
"apreciação";0,001;0,396;0,235;0,391;0,365
"aposentadoria";0,948;0,396;0,025;0,391;0,365
"apontar";0,027;0,585;0,235;0,391;0,365
"antigo";0,229;0,585;0,025;0,391;0,365
"ampliar";0,229;0,052;0,966;0,597;0,365
"ambiente";0,229;0,396;0,025;0,597;0,365
"alyce";0,113;0,462;0,77;0,458;0,433
"aguardar";0,027;0,396;0,966;0,391;0,365
"administrativo";0,948;0,396;0,025;0,391;0,365
"abstenção";0,001;0,396;0,235;0,391;0,365
"aberto";0,229;0,585;0,966;0,391;0,077
"abençoar";0,298;0,462;0,304;0;0,433
"virar";0,298;0,381;0,77;0,391;0,433
"viação";0,298;0,462;0,107;0,391;0,433
"via";0,786;0,381;0,77;0,458;0,433
"vergonha";0,786;0,381;0,77;0,458;0,433
"valorizar";0,786;0,462;0,77;0,391;0,433
"utilizar";0,786;0,381;0,304;0,391;0,433
"usado";0,786;0,381;0,77;0,458;0,433
"técnica";0,786;0,462;0,107;0,458;0,433
"tráfico";0,786;0,013;0,304;0,458;0,433
"travar";0,298;0,381;0,107;0,458;0,433
"tranquilidade";0,298;0,462;0,003;0,458;0,433
"terceiro";0,298;0,381;0,107;0,458;0,433
"taes";0,298;0,462;0,107;0,391;0,433
"sustentar";0,113;0,462;0,77;0,458;0,433
"suplente";0,298;0,462;0,304;0;0,433
"subir";0,298;0,381;0,107;0,458;0,433
"sistema";0,786;0,462;0,107;0,458;0,433
"silêncio";0,113;0,462;0,77;0,458;0,433
"sertão";0,298;0,381;0,107;0,458;0,433
"sequência";0,113;0,462;0,304;0,458;0,449
"sensibilidade";0,786;0,462;0,107;0,458;0,433
"seguro";0,298;0,462;0,003;0,458;0,433
"satisfação";0,298;0,381;0,107;0,458;0,433
"ronnie";0,113;0,462;0,77;0,458;0,433
"rondônia";0,298;0,381;0,304;0,458;0,022
"rivaldo";0,004;0,462;0,304;0,458;0,433
"rito";0,004;0,462;0,304;0,458;0,433
"revogar";0,113;0,462;0,77;0,458;0,433
"retornar";0,298;0,462;0,107;0,391;0,433
"retirar";0,298;0,381;0,107;0,458;0,433
"ressaltar";0,786;0,381;0,77;0,458;0,433
"requerimento";0,298;0,013;0,77;0,458;0,433
"repetir";0,113;0,381;0,304;0,458;0,433
"reiterar";0,298;0,462;0,003;0,458;0,433
"regimento";0,004;0,462;0,304;0,458;0,433
"referir";0,786;0,462;0,107;0,458;0,433
"referendar";0,004;0,462;0,304;0,458;0,433
"recado";0,113;0,462;0,77;0,458;0,433
"realização";0,786;0,462;0,107;0,458;0,433
"quantitativo";0,298;0,013;0,77;0,458;0,433
"quantidade";0,298;0,462;0,003;0,458;0,433
"qualificado";0,786;0,381;0,77;0,458;0,433
"proferido";0,004;0,462;0,304;0,458;0,433
"prevalecer";0,004;0,462;0,304;0,458;0,433
"presidente";0,298;0,381;0,77;0,391;0,433
"preocupar";0,298;0,013;0,77;0,458;0,433
"preocupado";0,786;0,462;0,107;0,458;0,433
"prender";0,004;0,462;0,304;0,458;0,433
"posição";0,113;0,462;0,77;0,458;0,433
"porta";0,298;0,462;0,107;0,391;0,433
"pet";0,298;0,462;0,003;0,458;0,433
"período";0,298;0,013;0,77;0,458;0,433
"perspectiva";0,298;0;0,304;0,458;0,433
"periferia";0,298;0,381;0,107;0,458;0,433
"pauta";0,298;0,462;0,003;0,458;0,433
"participar";0,786;0,462;0,107;0,458;0,433
"orçamentário";0,298;0,462;0,107;0,391;0,433
"opção";0,786;0,381;0,304;0,391;0,433
"olho";0,004;0,462;0,304;0,458;0,433
"novo";0,298;0,013;0,304;0,391;0,433
"news";0,786;0,381;0,77;0,458;0,433
"negligência";0,786;0,462;0,107;0,458;0,433
"natal";0,786;0,462;0,107;0,458;0,433
"movimentação";0,786;0,013;0,304;0,458;0,433
"motivo";0,786;0,381;0,77;0,458;0,433
"morto";0,113;0,462;0,77;0,458;0,433
"morrer";0,113;0,462;0,77;0,458;0,433
"morar";0,298;0;0,304;0,458;0,433
"mobilidade";0,298;0,013;0,77;0,458;0,433
"militar";0,298;0,381;0,107;0,458;0,433
"metrô";0,298;0;0,304;0,458;0,433
"mercado";0,298;0,462;0,107;0,391;0,433
"material";0,113;0,381;0,304;0,458;0,433
"liderar";0,298;0,381;0,77;0,391;0,433
"levantar";0,113;0,381;0,304;0,458;0,433
"lessa";0,113;0,462;0,77;0,458;0,433
"lembrança";0,298;0,381;0,77;0,391;0,433
"lançamento";0,298;0,013;0,77;0,458;0,433
"jurídico";0,004;0,462;0,304;0,458;0,433
"julgamento";0,113;0,462;0,304;0,391;0,433
"interno";0,113;0,381;0,304;0,458;0,433
"internacional";0,004;0,462;0,304;0,458;0,433
"instrumento";0,786;0,462;0,77;0,391;0,433
"insegurança";0,298;0,462;0,003;0,458;0,433
"inquérito";0,004;0,462;0,304;0,458;0,433
"injustiçado";0,004;0,462;0,304;0,458;0,433
"injustiça";0,298;0,462;0,003;0,458;0,433
"iniciar";0,298;0,462;0,77;0,391;0,449
"influenciar";0,786;0,462;0,107;0,458;0,433
"indústria";0,298;0,013;0,304;0,391;0,433
"imposto";0,298;0,381;0,107;0,458;0,433
"impossível";0,786;0,381;0,77;0,458;0,433
"impedir";0,786;0,381;0,77;0,458;0,433
"imediato";0,786;0,462;0,107;0,458;0,433
"imaginar";0,298;0,381;0,107;0,458;0,433
"imagem";0,786;0,462;0,107;0,458;0,433
"ilegal";0,004;0,462;0,304;0,458;0,433
"ideia";0,113;0,462;0,77;0,458;0,433
"homenagem";0,298;0,462;0,304;0;0,433
"homenagear";0,113;0,381;0,304;0,458;0,433
"guararapes";0,298;0,462;0,107;0,391;0,433
"graça";0,298;0,462;0,77;0,014;0,433
"grato";0,298;0,462;0,304;0,391;0,022
"generosidade";0,298;0,462;0,304;0,014;0,449
"gabinete";0,786;0,462;0,107;0,458;0,433
"futuro";0,786;0,462;0,77;0,391;0,433
"fundiário";0,298;0;0,304;0,458;0,433
"franco";0,113;0,381;0,304;0,458;0,433
"flordelis";0,004;0,462;0,304;0,458;0,433
"fiscalização";0,298;0,462;0,003;0,458;0,433
"financeiro";0,298;0,462;0,003;0,458;0,433
"festa";0,298;0,462;0,003;0,458;0,433
"felicidade";0,298;0,013;0,304;0,391;0,433
"fazenda";0,298;0,381;0,107;0,458;0,433
"favorável";0,004;0,462;0,304;0,458;0,433
"fake";0,786;0,381;0,77;0,458;0,433
"extensão";0,298;0,381;0,107;0,458;0,433
"expectativa";0,786;0,381;0,77;0,458;0,433
"excelente";0,298;0,462;0,77;0,014;0,433
"exas";0,113;0,381;0,304;0,458;0,433
"evangélico";0,298;0,013;0,77;0,458;0,433
"estatuto";0,113;0,462;0,304;0,391;0,433
"esquerdo";0,004;0,462;0,304;0,458;0,433
"esquecido";0,786;0,462;0,107;0,458;0,433
"esclarecimento";0,004;0,462;0,304;0,458;0,433
"equipamento";0,298;0,013;0,77;0,458;0,433
"envergonhar";0,786;0,381;0,77;0,458;0,433
"entregar";0,786;0,462;0,107;0,458;0,433
"entrega";0,298;0,462;0,003;0,458;0,433
"empresário";0,298;0,462;0,107;0,391;0,433
"elucidação";0,004;0,462;0,304;0,458;0,433
"eleitor";0,786;0,381;0,304;0,391;0,433
"disposição";0,298;0,462;0,77;0,014;0,433
"diminuir";0,786;0,381;0,77;0,458;0,433
"difícil";0,786;0,381;0,77;0,458;0,433
"destinar";0,298;0,462;0,107;0,391;0,433
"desrespeitar";0,298;0,462;0,107;0,391;0,433
"desenvolver";0,298;0,381;0,107;0,458;0,433
"democrático";0,004;0,462;0,304;0,458;0,433
"decente";0,298;0,381;0,107;0,458;0,433
"dado";0,298;0,462;0,003;0,458;0,433
"código";0,113;0,462;0,77;0,458;0,433
"cáceres";0,113;0,462;0,304;0,391;0,433
"cultura";0,298;0,381;0,107;0,458;0,433
"coração";0,113;0,462;0,304;0,391;0,433
"convocar";0,786;0,381;0,77;0,458;0,433
"controlo";0,298;0,381;0,107;0,458;0,433
"contribuir";0,298;0,013;0,77;0,458;0,433
"contratar";0,113;0,462;0,77;0,458;0,433
"continuidade";0,786;0,381;0,77;0,458;0,433
"contador";0,298;0;0,304;0,458;0,433
"consideração";0,113;0,462;0,77;0,458;0,433
"consequência";0,298;0,013;0,77;0,458;0,433
"conhecido";0,786;0,462;0,304;0,014;0,433
"conduzir";0,786;0,013;0,304;0,458;0,433
"comunicar";0,113;0,462;0,304;0,391;0,433
"companheiro";0,786;0,381;0,77;0,458;0,433
"cometimento";0,004;0,462;0,304;0,458;0,433
"comercialização";0,298;0,462;0,003;0,458;0,433
"coerência";0,113;0,462;0,304;0,391;0,433
"cobrança";0,786;0,462;0,107;0,458;0,433
"chefe";0,004;0,462;0,304;0,458;0,433
"censura";0,786;0,381;0,77;0,458;0,433
"ccjc";0,004;0,462;0,304;0,458;0,433
"casado";0,298;0,381;0,304;0,014;0,433
"caos";0,298;0,013;0,77;0,458;0,433
"básico";0,298;0,381;0,107;0,458;0,433
"busca";0,786;0,462;0,107;0,458;0,433
"branco";0,113;0,381;0,304;0,458;0,433
"botar";0,113;0,381;0,304;0,458;0,433
"bets";0,298;0,462;0,003;0,458;0,433
"auto";0,004;0,462;0,304;0,458;0,433
"aumentar";0,298;0,013;0,77;0,458;0,433
"atração";0,298;0,462;0,003;0,458;0,433
"assembleia";0,298;0,462;0,107;0,391;0,433
"assegurar";0,113;0,462;0,77;0,458;0,433
"aprofundamento";0,004;0,462;0,304;0,458;0,433
"apelo";0,113;0,462;0,304;0,391;0,433
"andar";0,298;0,013;0,77;0,458;0,433
"amplo";0,004;0,462;0,304;0,458;0,433
"agressão";0,298;0,013;0,304;0,391;0,433
"administrar";0,298;0,381;0,107;0,458;0,433
"acusação";0,786;0,381;0,304;0,391;0,433
"acudir";0,298;0,381;0,107;0,458;0,433
"abrir";0,004;0,462;0,304;0,458;0,433
"*deputado_POMPEO_DE_MATTOS";0;0;0;0;0
"*deputado_REINHOLD_STEPHANES";0,298;0,381;0,77;0,391;0,433
"*deputado_JOSÉ_GUIMARÃES";0,027;0,585;0,235;0,391;0,365
"*deputado_CHICO_ALENCAR";0,002;0,298;0,603;0,293;0,267
"*deputado_DEFENSOR_STÉLIO_DENER";0,141;0,921;0,001;0,293;0,267
"*deputado_GABRIEL_NUNES";0,298;0,462;0,77;0,014;0,433
"*partido_PODE";0,071;0,201;0,005;0,136;0,173
"*uf_CE";0,797;0,644;0,768;0,201;0,15
"*deputado_DANDARA";0,743;0,342;0,006;0,337;0,311
"*deputado_ALENCAR_SANTANA";0,004;0,462;0,304;0,458;0,433
"*deputado_GILBERTO_NASCIMENTO";0;0,186;0;0,821;0
"*dec_text270";0,396;0,549;0,017;0,545;0,522
"*deputado_BOHN_GASS";0,229;0,001;0,966;0,391;0,365
"*deputado_HEITOR_SCHUCH";0,088;0,229;0;0,224;0,199
"*partido_AVANTE";0,088;0,229;0,001;0,453;0,199
"*uf_PI";0,439;0,01;0,556;0,491;0,115
"*partido_PL";0;0,268;0,069;0,103;0
"*uf_PE";0,056;0,178;0,001;0,69;0,555
"*dec_text379";0,018;0,549;0,402;0,545;0,522
"*deputado_ARTHUR_LIRA";0;0,001;0;0,002;0,002
"*uf_PB";0,532;0,569;0,029;0,802;0,131
"*deputado_JOÃO_DANIEL";0,464;0,002;0,48;0,931;0,23
"*deputado_ERIKA_HILTON";0;0,11;0,106;0,106;0,088
"*partido_UNIÃO";0,205;0,001;0;0,027;0
"*partido_PP";0;0,002;0,032;0,002;0,1
"*uf_PR";0,018;0,694;0;0,72;0,032
"*partido_PT";0,092;0;0;0,001;0
"*deputado_GILVAN_DA_FEDERAL";0,004;0,462;0,304;0,458;0,433
"*dec_text29";0,396;0,001;0,402;0,545;0,522
"*deputado_CORONEL_CHRISÓSTOMO";0,005;0,157;0,919;0,556;0,131
"*deputado_CÉLIO_SILVEIRA";0,786;0,462;0,77;0,391;0,433
"*uf_BA";0,253;0,087;0;0,018;0,001
"*deputado_RANIERY_PAULINO";0,229;0,396;0,025;0,597;0,365
"*deputado_MERLONG_SOLANO";0,111;0,002;0,873;0,931;0,23
"*deputado_BRUNO_FARIAS";0,088;0,229;0,001;0,453;0,199
"*dec_text249";0,396;0,549;0,017;0,545;0,522
"*deputado_CORONEL_ASSIS";0,991;0,473;0,031;0,213;0,046
"*uf_SC";0;0,006;0,547;0,714;0,003
"*uf_SE";0,464;0,002;0,48;0,931;0,23
"*dec_text474";0,396;0,549;0,437;0,176;0,522
"*deputado_JEFFERSON_CAMPOS";0,396;0,549;0,402;0,001;0,522
"*deputado_OSMAR_TERRA";0,229;0,396;0,966;0,001;0,365
"*uf_SP";0,018;0,027;0;0,114;0
"*deputado_GEOVANIA_DE_SÁ";0,294;0,201;0;0,717;0,173
"*deputado_CLEBER_VERDE";0,298;0;0,304;0,458;0,433
"*deputado_TABATA_AMARAL";0,294;0;0,308;0,197;0,173
"*deputado_REIMONT";0,029;0,019;0,094;0,994;0,1
"*deputado_SAULLO_VIANNA";0,179;0;0,184;0,337;0,311
"*partido_PSOL";0;0,014;0,077;0,014;0,009
"*uf_TO";0,141;0,298;0,678;0;0,267
"*deputado_MARCELO_CALERO";0;0,229;0,093;0,224;0,199
"*dec_text257";0,396;0,001;0,402;0,545;0,522
"*uf_AL";0;0,098;0;0,001;0,077
"*dec_text259";0,396;0,001;0,402;0,545;0,522
"*dec_text311";0,396;0,549;0,017;0,545;0,522
"*dec_text567";0,396;0,001;0,402;0,545;0,522
"*deputado_IVAN_VALENTE";0,002;0,229;0,952;0,224;0,199
"*dec_text406";0,449;0,17;0,402;0,545;0,522
"*dec_text674";0,449;0,549;0,437;0,545;0,522
"*deputado_MÁRCIO_JERRY";0;0,298;0,146;0,293;0,267
"*dec_text153";0,396;0,001;0,402;0,545;0,522
"*deputado_CAPITÃO_ALDEN";0;0,201;0,074;0,197;0,173
"*deputado_AFONSO_HAMM";0,179;0,005;0,472;0,337;0,311
"*partido_REPUBLICANOS";0,024;0,922;0;0,902;0,088
"*deputado_LEUR_LOMANTO_JÚNIOR";0,111;0,945;0;0,256;0,23
"*partido_PSDB";0,294;0,201;0;0,717;0,173
"*partido_NOVO";0,02;0,83;0,384;0,816;0,199
"*deputado_ALTINEU_CÔRTES";0,004;0,462;0,304;0,458;0,433
"*deputado_IDILVAN_ALENCAR";0,141;0,298;0,177;0,019;0,267
"*dec_text461";0,018;0,549;0,402;0,545;0,522
"*deputado_DR_LUIZ_OVANDO";0,189;0,298;0,177;0,293;0,267
"*deputado_GERVÁSIO_MAIA";0,018;0,549;0,402;0,545;0,522
"*deputado_SIDNEY_LEITE";0,141;0;0,146;0,293;0,267
"*dec_text679";0,449;0,549;0,402;0,176;0,522
"*deputado_LUCIANO_AZEVEDO";0,298;0,462;0,304;0;0,433
"*deputado_ROGÉRIO_CORREIA";0;0,671;0,06;0,174;0,15
"*uf_GO";0,786;0,462;0,77;0,391;0,433
"*deputado_DANIEL_FREITAS";0,396;0,549;0,402;0,001;0,522
"*deputado_LUIZ_LIMA";0,071;0;0,074;0,197;0,173
"*partido_PSD";0,033;0,351;0;0,184;0
"*deputado_ZÉ_NETO";0,111;0,26;0;0,256;0,23
"*deputado_TARCÍSIO_MOTTA";0,001;0,396;0,235;0,391;0,365
"*deputado_RICARDO_MAIA";0,088;0,006;0,119;0,224;0,199
"*partido_PSB";0,194;0,091;0,001;0,096;0,019
"*partido_SOLIDARIEDADE";0,449;0,549;0,402;0,545;0,212
"*deputado_ALICE_PORTUGAL";0,294;0,014;0,203;0,197;0,173
"*deputado_COBALCHINI";0,179;0,342;0;0,337;0,311
"*dec_text233";0,396;0,549;0,017;0,545;0,522
"*dec_text231";0,396;0,001;0,402;0,545;0,522
"*deputado_DELEGADO_MARCELO_FREITAS";0,004;0,462;0,304;0,458;0,433
"*deputado_TADEU_VENERI";0,294;0,201;0;0,197;0,173
"*partido_PDT";0;0;0;0;0
"*deputado_ZUCCO";0,396;0,549;0,437;0,176;0,522
"*deputado_FLÁVIO_NOGUEIRA";0,49;0,765;0,472;0,337;0,311
"*deputado_ERIKA_KOKAY";0;0,178;0,06;0,174;0,15
"*deputado_PADRE_JOÃO";0,045;0,005;0,427;0,802;0,131
"*deputado_ADRIANA_VENTURA";0,02;0,83;0,384;0,816;0,199
"*uf_AC";0,396;0,17;0,402;0,176;0,522
"*deputado_MESSIAS_DONATO";0,229;0,585;0,271;0,597;0,365
"*dec_text62";0,396;0,549;0,017;0,545;0,522
"*partido_PRD";0,189;0,921;0,603;0,935;0,267
"*dec_text553";0,396;0,549;0,017;0,545;0,522
"*deputado_JUNIO_AMARAL";0,113;0,462;0,304;0,458;0,449
"*deputado_RAFAEL_SIMOES";0,056;0,644;0;0,174;0,15
"*deputado_ALFREDINHO";0,179;0;0,184;0,337;0,311
"*deputado_NILTO_TATTO";0,111;0,26;0;0,256;0,23
"*deputado_LAURA_CARNEIRO";0,396;0,549;0,402;0,001;0,522
"*dec_text636";0,018;0,549;0,402;0,545;0,522
"*deputado_NATÁLIA_BONAVIDES";0,036;0,139;0;0,491;0,115
"*deputado_DARCI_DE_MATOS";0;0,035;0,003;0,868;0,025
"*deputado_ISNALDO_BULHÕES_JR";0,004;0,462;0,304;0,458;0,433
"*dec_text78";0,396;0,549;0,017;0,545;0,522
"*uf_ES";0,481;0,313;0,027;0,286;0,068
"*uf_AM";0,045;0;0,048;0,153;0,131
"*deputado_GILSON_DANIEL";0,071;0,201;0,005;0,136;0,173
"*deputado_LUISA_CANZIANI";0,396;0,549;0,402;0,001;0,522
"*deputado_WELTER";0,088;0,078;0,119;0,816;0,199
"*deputado_VALMIR_ASSUNÇÃO";0,088;0,078;0,018;0,224;0,199
"*partido_PCdoB";0,073;0,212;0,948;0,095;0,077
"*partido_MDB";0,033;0,009;0,154;0,251;0,006
"*deputado_DUARTE_JR";0,464;0,26;0,006;0,931;0,23
"*dec_text210";0,396;0,001;0,402;0,545;0,522
"*deputado_CLARISSA_TÉRCIO";0,071;0,201;0;0,573;0,173
"*dec_text350";0,396;0,17;0,437;0,545;0,522
"*uf_RJ";0,126;0,006;0,117;0,562;0,001
"*uf_RN";0,991;0,062;0;0,213;0,046
"*uf_RO";0,005;0,157;0,919;0,556;0,131
"*uf_RR";0,141;0,921;0,001;0,293;0,267
"*uf_RS";0;0;0,003;0;0
"*deputado_PAULÃO";0,948;0,052;0,966;0,391;0,365
"*deputado_ABILIO_BRUNINI";0,018;0,549;0,402;0,545;0,522
"*deputado_MARCELO_ÁLVARO_ANTÔNIO";0,179;0,342;0,472;0,006;0,311
"*deputado_DR_FREDERICO";0,189;0,921;0,603;0,935;0,267
"*uf_DF";0;0,178;0,06;0,174;0,15
"*deputado_BIBO_NUNES";0,003;0,352;0,596;0,818;0,077
"*deputado_MEIRE_SERAFIM";0,396;0,17;0,402;0,176;0,522
"*deputado_ALFREDO_GASPAR";0,949;0,005;0,555;0,556;0,131
"*dec_text615";0,449;0,549;0,402;0,176;0,522
"*deputado_ROBERTO_MONTEIRO_PAI";0,642;0,178;0,768;0,031;0,555
"*uf_MT";0,468;0,62;0,073;0,169;0,036
"*uf_MS";0,189;0,298;0,177;0,293;0,267
"*deputado_OTONI_DE_PAULA";0,056;0,028;0,667;0,031;0,15
"*dec_text245";0,396;0,549;0,017;0,545;0,522
"*deputado_LUIZ_COUTO";0,179;0,765;0,081;0,778;0,311
"*uf_MG";0,791;0,917;0,002;0,598;0,001
"*deputado_AUREO_RIBEIRO";0,449;0,549;0,402;0,545;0,212
"*deputado_ELI_BORGES";0,141;0,298;0,678;0;0,267
"*uf_MA";0,113;0,691;0,624;0,303;0,068
"*deputado_GENERAL_GIRÃO";0,007;0,26;0,873;0,256;0,23
